time,zoneR1C1_AG_slower.Y
0,23
1800,22.83090763
1800,22.83090763
1800,22.83090763
3600,22.66433556
3600,22.66433556
3600,22.66433556
5400,22.50154481
5400,22.50154481
5400,22.50154481
7200,22.34159159
7200,22.34159159
7200,22.34159159
9000,22.1835412
9000,22.1835412
9000,22.1835412
10800,22.02720706
10800,22.02720706
10800,22.02720706
12600,22.02167548
12600,22.02167548
12600,22.02167548
14400,22.00101601
14400,22.00101601
14400,22.00101601
16200,21.98815858
16200,21.98815858
16200,21.98815858
18000,21.99121317
18000,21.99121317
18000,21.99121317
19800,22.0010545
19800,22.0010545
19800,22.0010545
21600,22.00619727
21600,22.00619727
21600,22.00619727
23400,22.00394141
23400,22.00394141
23400,22.00394141
25200,21.99956416
25200,21.99956416
25200,21.99956416
27000,21.9979504
27000,21.9979504
27000,21.9979504
28800,21.99929479
28800,21.99929479
28800,21.99929479
30600,22.00119381
30600,22.00119381
30600,22.00119381
32400,22.00178581
32400,22.00178581
32400,22.00178581
34200,22.00106667
34200,22.00106667
34200,22.00106667
36000,21.99988316
36000,21.99988316
36000,21.99988316
37800,21.99926759
37800,21.99926759
37800,21.99926759
39600,21.99988353
39600,21.99988353
39600,21.99988353
41400,22.00052223
41400,22.00052223
41400,22.00052223
43200,22.00055097
43200,22.00055097
43200,22.00055097
45000,22.00025124
45000,22.00025124
45000,22.00025124
46800,21.99980974
46800,21.99980974
46800,21.99980974
48600,21.99939796
48600,21.99939796
48600,21.99939796
50400,22.00024065
50400,22.00024065
50400,22.00024065
52200,21.99990779
52200,21.99990779
52200,21.99990779
54000,21.99864774
54000,21.99864774
54000,21.99864774
55800,21.99803789
55800,21.99803789
55800,21.99803789
57600,21.99867595
57600,21.99867595
57600,21.99867595
59400,21.99986587
59400,21.99986587
59400,21.99986587
61200,22.0004839
61200,22.0004839
61200,22.0004839
63000,22.00024547
63000,22.00024547
63000,22.00024547
64800,21.9997728
64800,21.9997728
64800,21.9997728
66600,21.99959157
66600,21.99959157
66600,21.99959157
68400,21.99977464
68400,21.99977464
68400,21.99977464
70200,22.00001709
70200,22.00001709
70200,22.00001709
72000,22.00008121
72000,22.00008121
72000,22.00008121
73800,21.99998557
73800,21.99998557
73800,21.99998557
75600,21.99997315
75600,21.99997315
75600,21.99997315
77400,22.00003714
77400,22.00003714
77400,22.00003714
79200,22.00007788
79200,22.00007788
79200,22.00007788
81000,22.0000743
81000,22.0000743
81000,22.0000743
82800,21.99997961
82800,21.99997961
82800,21.99997961
84600,21.99988965
84600,21.99988965
84600,21.99988965
86400,21.99983096
86400,21.99983096
86400,21.99983096
88200,21.99984499
88200,21.99984499
88200,21.99984499
90000,21.99993742
90000,21.99993742
90000,21.99993742
91800,22.000002
91800,22.000002
91800,22.000002
93600,21.99999694
93600,21.99999694
93600,21.99999694
95400,21.99996183
95400,21.99996183
95400,21.99996183
97200,21.99999819
97200,21.99999819
97200,21.99999819
99000,22.00006018
99000,22.00006018
99000,22.00006018
100800,22.00003715
100800,22.00003715
100800,22.00003715
102600,21.99996585
102600,21.99996585
102600,21.99996585
104400,22.00002206
104400,22.00002206
104400,22.00002206
106200,22.00018862
106200,22.00018862
106200,22.00018862
108000,22.00043555
108000,22.00043555
108000,22.00043555
109800,22.00051598
109800,22.00051598
109800,22.00051598
111600,22.00031894
111600,22.00031894
111600,22.00031894
113400,22.00009244
113400,22.00009244
113400,22.00009244
115200,22.00011877
115200,22.00011877
115200,22.00011877
117000,22.00043482
117000,22.00043482
117000,22.00043482
118800,22.00027262
118800,22.00027262
118800,22.00027262
120600,22.00003593
120600,22.00003593
120600,22.00003593
122400,21.9999218
122400,21.9999218
122400,21.9999218
124200,22.000015
124200,22.000015
124200,22.000015
126000,22.00019199
126000,22.00019199
126000,22.00019199
127800,22.00020185
127800,22.00020185
127800,22.00020185
129600,22.00001791
129600,22.00001791
129600,22.00001791
131400,21.99979314
131400,21.99979314
131400,21.99979314
133200,21.99961217
133200,21.99961217
133200,21.99961217
135000,21.99965512
135000,21.99965512
135000,21.99965512
136800,21.99971891
136800,21.99971891
136800,21.99971891
138600,21.99984554
138600,21.99984554
138600,21.99984554
140400,21.99983072
140400,21.99983072
140400,21.99983072
142200,21.99962501
142200,21.99962501
142200,21.99962501
144000,21.99955435
144000,21.99955435
144000,21.99955435
145800,21.99979105
145800,21.99979105
145800,21.99979105
147600,22.00007348
147600,22.00007348
147600,22.00007348
149400,22.00013779
149400,22.00013779
149400,22.00013779
151200,22.00000915
151200,22.00000915
151200,22.00000915
153000,21.99989136
153000,21.99989136
153000,21.99989136
154800,21.99989613
154800,21.99989613
154800,21.99989613
156600,21.99997269
156600,21.99997269
156600,21.99997269
158400,22.00001787
158400,22.00001787
158400,22.00001787
160200,22.00000723
160200,22.00000723
160200,22.00000723
162000,21.99995987
162000,21.99995987
162000,21.99995987
163800,21.99992614
163800,21.99992614
163800,21.99992614
165600,21.99992101
165600,21.99992101
165600,21.99992101
167400,21.99993321
167400,21.99993321
167400,21.99993321
169200,21.99994455
169200,21.99994455
169200,21.99994455
171000,21.99994957
171000,21.99994957
171000,21.99994957
172800,21.99994371
172800,21.99994371
172800,21.99994371
174600,21.99995344
174600,21.99995344
174600,21.99995344
176400,21.99996564
176400,21.99996564
176400,21.99996564
178200,21.99995653
178200,21.99995653
178200,21.99995653
180000,21.999973
180000,21.999973
180000,21.999973
181800,21.9999968
181800,21.9999968
181800,21.9999968
183600,22.00001564
183600,22.00001564
183600,22.00001564
185400,22.00002218
185400,22.00002218
185400,22.00002218
187200,21.99997785
187200,21.99997785
187200,21.99997785
189000,21.99993175
189000,21.99993175
189000,21.99993175
190800,21.99996438
190800,21.99996438
190800,21.99996438
192600,22.00010054
192600,22.00010054
192600,22.00010054
194400,22.00030151
194400,22.00030151
194400,22.00030151
196200,22.00054989
196200,22.00054989
196200,22.00054989
198000,22.00073413
198000,22.00073413
198000,22.00073413
199800,22.00075089
199800,22.00075089
199800,22.00075089
201600,22.00063278
201600,22.00063278
201600,22.00063278
203400,22.00057777
203400,22.00057777
203400,22.00057777
205200,22.00047153
205200,22.00047153
205200,22.00047153
207000,22.00043937
207000,22.00043937
207000,22.00043937
208800,22.00028392
208800,22.00028392
208800,22.00028392
210600,21.99991353
210600,21.99991353
210600,21.99991353
212400,21.9999732
212400,21.9999732
212400,21.9999732
214200,22.00018017
214200,22.00018017
214200,22.00018017
216000,22.00066131
216000,22.00066131
216000,22.00066131
217800,22.00007429
217800,22.00007429
217800,22.00007429
219600,22.01143866
219600,22.01143866
219600,22.01143866
221400,22.03860658
221400,22.03860658
221400,22.03860658
223200,22.04876285
223200,22.04876285
223200,22.04876285
225000,22.0293933
225000,22.0293933
225000,22.0293933
226800,21.98843122
226800,21.98843122
226800,21.98843122
228600,21.99334638
228600,21.99334638
228600,21.99334638
230400,22.00115677
230400,22.00115677
230400,22.00115677
232200,22.00411465
232200,22.00411465
232200,22.00411465
234000,22.00196874
234000,22.00196874
234000,22.00196874
235800,21.99890181
235800,21.99890181
235800,21.99890181
237600,21.99804745
237600,21.99804745
237600,21.99804745
239400,21.99921261
239400,21.99921261
239400,21.99921261
241200,22.00056109
241200,22.00056109
241200,22.00056109
243000,22.0008336
243000,22.0008336
243000,22.0008336
244800,22.00026714
244800,22.00026714
244800,22.00026714
246600,21.9997323
246600,21.9997323
246600,21.9997323
248400,21.99970308
248400,21.99970308
248400,21.99970308
250200,21.99998382
250200,21.99998382
250200,21.99998382
252000,22.00021182
252000,22.00021182
252000,22.00021182
253800,22.00020083
253800,22.00020083
253800,22.00020083
255600,22.00007258
255600,22.00007258
255600,22.00007258
257400,21.99999762
257400,21.99999762
257400,21.99999762
259200,22.00001898
259200,22.00001898
259200,22.00001898
261000,22.00007624
261000,22.00007624
261000,22.00007624
262800,22.00008568
262800,22.00008568
262800,22.00008568
264600,22.00005531
264600,22.00005531
264600,22.00005531
266400,22.00000722
266400,22.00000722
266400,22.00000722
268200,21.99999325
268200,21.99999325
268200,21.99999325
270000,21.99998704
270000,21.99998704
270000,21.99998704
271800,21.99996641
271800,21.99996641
271800,21.99996641
273600,21.99996433
273600,21.99996433
273600,21.99996433
275400,21.99999184
275400,21.99999184
275400,21.99999184
277200,22.00000544
277200,22.00000544
277200,22.00000544
279000,22.00003042
279000,22.00003042
279000,22.00003042
280800,22.00004035
280800,22.00004035
280800,22.00004035
282600,22.00013983
282600,22.00013983
282600,22.00013983
284400,22.00038465
284400,22.00038465
284400,22.00038465
286200,22.0011804
286200,22.0011804
286200,22.0011804
288000,22.00065464
288000,22.00065464
288000,22.00065464
289800,22.00074001
289800,22.00074001
289800,22.00074001
291600,22.01394837
291600,22.01394838
291600,22.01394838
293400,22.08124849
293400,22.08124849
293400,22.08124849
295200,22.12798177
295200,22.12798177
295200,22.12798177
297000,22.14169143
297000,22.14169143
297000,22.14169143
298800,22.18203753
298800,22.18203753
298800,22.18203753
300600,22.2606346
300600,22.2606346
300600,22.2606346
302400,22.36006254
302400,22.36006254
302400,22.36006254
304200,22.44297452
304200,22.44297452
304200,22.44297452
306000,22.50291477
306000,22.50291477
306000,22.50291477
307800,22.5353526
307800,22.5353526
307800,22.5353526
309600,22.53592778
309600,22.53592778
309600,22.53592778
311400,22.50159262
311400,22.50159261
311400,22.50159261
313200,22.43077357
313200,22.43077357
313200,22.43077357
315000,22.32413148
315000,22.32413148
315000,22.32413148
316800,22.18831265
316800,22.18831264
316800,22.18831264
318600,22.03649064
318600,22.03649064
318600,22.03649064
320400,22.01779895
320400,22.01779895
320400,22.01779895
322200,21.99465652
322200,21.99465652
322200,21.99465652
324000,21.98606929
324000,21.9860693
324000,21.9860693
325800,21.99366196
325800,21.99366196
325800,21.99366196
327600,22.00375634
327600,22.00375634
327600,22.00375634
329400,22.00617511
329400,22.00617511
329400,22.00617511
331200,22.0019443
331200,22.0019443
331200,22.0019443
333000,21.99765507
333000,21.99765507
333000,21.99765507
334800,21.99716014
334800,21.99716014
334800,21.99716014
336600,21.99931376
336600,21.99931376
336600,21.99931376
338400,22.0010731
338400,22.0010731
338400,22.0010731
340200,22.00101972
340200,22.00101972
340200,22.00101972
342000,21.9999594
342000,21.9999594
342000,21.9999594
343800,21.99925407
343800,21.99925407
343800,21.99925407
345600,21.99953499
345600,21.99953499
345600,21.99953499
347400,22.00017647
347400,22.00017647
347400,22.00017647
349200,22.00051516
349200,22.00051516
349200,22.00051516
351000,21.8309675
351000,21.83096749
351000,21.83096749
352800,21.65780521
352800,21.65780521
352800,21.65780521
354600,21.48554448
354600,21.48554448
354600,21.48554448
356400,21.44458555
356400,21.44458556
356400,21.44458556
358200,21.81316103
358200,21.81316104
358200,21.81316104
360000,22.03862972
360000,22.03862972
360000,22.03862972
361800,22.02362946
361800,22.02362946
361800,22.02362946
363600,22.35244759
363600,22.35244759
363600,22.35244759
365400,22.72299275
365400,22.72299276
365400,22.72299276
367200,22.73690713
367200,22.73690712
367200,22.73690712
369000,22.62806919
369000,22.62806919
369000,22.62806919
370800,22.55888268
370800,22.55888267
370800,22.55888267
372600,22.5263258
372600,22.5263258
372600,22.5263258
374400,22.52510053
374400,22.52510053
374400,22.52510053
376200,22.55568732
376200,22.55568732
376200,22.55568732
378000,22.614316
378000,22.61431601
378000,22.61431601
379800,22.68437503
379800,22.68437503
379800,22.68437503
381600,22.83257484
381600,22.83257486
381600,22.83257486
383400,23.15775614
383400,23.15775614
383400,23.15775614
385200,23.26756038
385200,23.26756038
385200,23.26756038
387000,23.37305804
387000,23.37305804
387000,23.37305804
388800,23.46810766
388800,23.46810766
388800,23.46810766
390600,23.54618066
390600,23.54618066
390600,23.54618066
392400,23.60129409
392400,23.60129409
392400,23.60129409
394200,23.62801369
394200,23.62801369
394200,23.62801369
396000,23.6232386
396000,23.6232386
396000,23.6232386
397800,23.58552029
397800,23.58552029
397800,23.58552029
399600,23.51184249
399600,23.51184249
399600,23.51184249
401400,23.40134765
401400,23.40134764
401400,23.40134764
403200,23.25992193
403200,23.25992192
403200,23.25992192
405000,23.10058348
405000,23.10058348
405000,23.10058348
406800,22.93384991
406800,22.93384991
406800,22.93384991
408600,22.76231053
408600,22.76231053
408600,22.76231053
410400,22.58617051
410400,22.58617051
410400,22.58617051
412200,22.40546377
412200,22.40546377
412200,22.40546377
414000,22.22187281
414000,22.22187281
414000,22.22187281
415800,22.03706376
415800,22.03706376
415800,22.03706376
417600,21.85122871
417600,21.8512287
417600,21.8512287
419400,21.664558
419400,21.66455799
419400,21.66455799
421200,21.47797381
421200,21.47797381
421200,21.47797381
423000,21.29238942
423000,21.29238941
423000,21.29238941
424800,21.10724788
424800,21.10724787
424800,21.10724787
426600,20.92199759
426600,20.92199759
426600,20.92199759
428400,20.73755532
428400,20.73755532
428400,20.73755532
430200,20.55486085
430200,20.55486085
430200,20.55486085
432000,20.37475422
432000,20.37475421
432000,20.37475421
433800,20.19816195
433800,20.19816195
433800,20.19816195
435600,20.02395903
435600,20.02395902
435600,20.02395902
437400,19.85103127
437400,19.85103127
437400,19.85103127
439200,19.6804715
439200,19.6804715
439200,19.6804715
441000,19.51336862
441000,19.51336861
441000,19.51336861
442800,19.34765428
442800,19.34765427
442800,19.34765427
444600,19.18132298
444600,19.18132297
444600,19.18132297
446400,19.01694435
446400,19.01694434
446400,19.01694434
448200,18.85706292
448200,18.85706292
448200,18.85706292
450000,19.11373214
450000,19.11373215
450000,19.11373215
451800,19.6081648
451800,19.60816482
451800,19.60816482
453600,20.09539841
453600,20.09539843
453600,20.09539843
455400,20.57522797
455400,20.57522798
455400,20.57522798
457200,21.0487854
457200,21.04878541
457200,21.04878541
459000,21.5325611
459000,21.53256111
459000,21.53256111
460800,22.05334585
460800,22.05334586
460800,22.05334586
462600,22.1116369
462600,22.1116369
462600,22.1116369
464400,22.6561995
464400,22.65619952
464400,22.65619952
466200,23.25946281
466200,23.25946282
466200,23.25946282
468000,23.82406729
468000,23.8240673
468000,23.8240673
469800,24.1224998
469800,24.1224998
469800,24.1224998
471600,24.15232508
471600,24.15232508
471600,24.15232508
473400,24.17012593
473400,24.17012593
473400,24.17012593
475200,24.17991806
475200,24.17991806
475200,24.17991806
477000,24.15074048
477000,24.15074048
477000,24.15074048
478800,24.09780924
478800,24.09780924
478800,24.09780924
480600,24.04093634
480600,24.04093634
480600,24.04093634
482400,23.97653607
482400,23.97653607
482400,23.97653607
484200,23.88605309
484200,23.88605308
484200,23.88605308
486000,23.77180528
486000,23.77180527
486000,23.77180527
487800,23.64357202
487800,23.64357201
487800,23.64357201
489600,23.50698603
489600,23.50698603
489600,23.50698603
491400,23.36640168
491400,23.36640168
491400,23.36640168
493200,23.22507754
493200,23.22507753
493200,23.22507753
495000,23.08343399
495000,23.08343399
495000,23.08343399
496800,22.98006418
496800,22.98006418
496800,22.98006418
498600,22.983633
498600,22.983633
498600,22.983633
500400,22.99888823
500400,22.99888823
500400,22.99888823
502200,23.00852179
502200,23.00852179
502200,23.00852179
504000,23.0068119
504000,23.0068119
504000,23.0068119
505800,22.99995583
505800,22.99995583
505800,22.99995583
507600,22.99602208
507600,22.99602208
507600,22.99602208
509400,22.9972004
509400,22.9972004
509400,22.9972004
511200,23.00032578
511200,23.00032578
511200,23.00032578
513000,23.00185255
513000,23.00185255
513000,23.00185255
514800,23.0011343
514800,23.0011343
514800,23.0011343
516600,22.99974214
516600,22.99974214
516600,22.99974214
518400,22.99914618
518400,22.99914618
518400,22.99914618
520200,22.99953227
520200,22.99953227
520200,22.99953227
522000,23.00014228
522000,23.00014228
522000,23.00014228
523800,23.00032664
523800,23.00032664
523800,23.00032664
525600,23.00011851
525600,23.00011851
525600,23.00011851
527400,22.99988441
527400,22.99988441
527400,22.99988441
529200,22.99988062
529200,22.99988062
529200,22.99988062
531000,23.00002216
531000,23.00002216
531000,23.00002216
532800,23.00010022
532800,23.00010022
532800,23.00010022
534600,23.00006331
534600,23.00006331
534600,23.00006331
536400,23.00000771
536400,23.00000771
536400,23.00000771
538200,23.00004611
538200,23.00004611
538200,23.00004611
540000,22.86257174
540000,22.86257173
540000,22.86257173
541800,22.72660697
541800,22.72660697
541800,22.72660697
543600,22.5968873
543600,22.5968873
543600,22.5968873
545400,22.47410712
545400,22.47410711
545400,22.47410711
547200,22.35744862
547200,22.35744861
547200,22.35744861
549000,22.25609838
549000,22.25609838
549000,22.25609838
550800,22.19635936
550800,22.19635936
550800,22.19635936
552600,22.17412981
552600,22.17412981
552600,22.17412981
554400,22.17326594
554400,22.17326594
554400,22.17326594
556200,22.22203609
556200,22.22203609
556200,22.22203609
558000,22.32361648
558000,22.32361648
558000,22.32361648
559800,22.42362683
559800,22.42362684
559800,22.42362684
561600,22.50793862
561600,22.50793862
561600,22.50793862
563400,22.60830139
563400,22.60830141
563400,22.60830141
565200,23.11028838
565200,23.11028838
565200,23.11028838
567000,23.150371
567000,23.150371
567000,23.150371
568800,23.15937646
568800,23.15937646
568800,23.15937646
570600,23.13227456
570600,23.13227456
570600,23.13227456
572400,23.06792979
572400,23.06792979
572400,23.06792979
574200,22.97941073
574200,22.97941073
574200,22.97941073
576000,22.99621718
576000,22.99621718
576000,22.99621718
577800,23.00871581
577800,23.00871581
577800,23.00871581
579600,22.85625347
579600,22.85625347
579600,22.85625347
581400,22.69846047
581400,22.69846047
581400,22.69846047
583200,22.53999211
583200,22.53999211
583200,22.53999211
585000,22.38048768
585000,22.38048767
585000,22.38048767
586800,22.21995482
586800,22.21995482
586800,22.21995482
588600,22.05840106
588600,22.05840105
588600,22.05840105
590400,21.89583401
590400,21.895834
590400,21.895834
592200,21.73225298
592200,21.73225297
592200,21.73225297
594000,21.56823086
594000,21.56823085
594000,21.56823085
595800,21.40431138
595800,21.40431138
595800,21.40431138
597600,21.2414099
597600,21.2414099
597600,21.2414099
599400,21.08043312
599400,21.08043311
599400,21.08043311
601200,20.92154961
601200,20.92154961
601200,20.92154961
603000,20.76497732
603000,20.76497732
603000,20.76497732
604800,20.60986649
604800,20.60986649
604800,20.60986649
606600,20.45553723
606600,20.45553723
606600,20.45553723
608400,20.30049353
608400,20.30049353
608400,20.30049353
610200,20.14326672
610200,20.14326671
610200,20.14326671
612000,19.98098929
612000,19.98098929
612000,19.98098929
613800,19.81074942
613800,19.81074941
613800,19.81074941
615600,19.63425476
615600,19.63425476
615600,19.63425476
617400,19.55552343
617400,19.55552345
617400,19.55552345
619200,19.94558754
619200,19.94558755
619200,19.94558755
621000,19.97364099
621000,19.97364098
621000,19.97364098
622800,20.00062064
622800,20.00062064
622800,20.00062064
624600,20.37972513
624600,20.37972515
624600,20.37972515
626400,20.82306397
626400,20.82306399
626400,20.82306399
628200,21.30257559
628200,21.30257561
628200,21.30257561
630000,21.80660701
630000,21.80660703
630000,21.80660703
631800,22.32698434
631800,22.32698436
631800,22.32698436
633600,22.86496248
633600,22.8649625
633600,22.8649625
635400,23.12186917
635400,23.12186917
635400,23.12186917
637200,23.18750774
637200,23.18750774
637200,23.18750774
639000,23.27431474
639000,23.27431475
639000,23.27431475
640800,23.37456237
640800,23.37456237
640800,23.37456237
642600,23.48014942
642600,23.48014943
642600,23.48014943
644400,23.58649462
644400,23.58649463
644400,23.58649463
646200,23.69042659
646200,23.69042659
646200,23.69042659
648000,23.78602451
648000,23.78602451
648000,23.78602451
649800,23.86577232
649800,23.86577232
649800,23.86577232
651600,23.92165066
651600,23.92165066
651600,23.92165066
653400,23.94977344
653400,23.94977344
653400,23.94977344
655200,23.94748537
655200,23.94748537
655200,23.94748537
657000,23.90823169
657000,23.90823169
657000,23.90823169
658800,23.83003144
658800,23.83003144
658800,23.83003144
660600,23.71962846
660600,23.71962846
660600,23.71962846
662400,23.57980898
662400,23.57980898
662400,23.57980898
664200,23.41532798
664200,23.41532797
664200,23.41532797
666000,23.23988562
666000,23.23988562
666000,23.23988562
667800,23.06006691
667800,23.0600669
667800,23.0600669
669600,22.87680737
669600,22.87680737
669600,22.87680737
671400,22.69086328
671400,22.69086327
671400,22.69086327
673200,22.50372008
673200,22.50372007
673200,22.50372007
675000,22.31684877
675000,22.31684877
675000,22.31684877
676800,22.13006419
676800,22.13006419
676800,22.13006419
678600,21.96623218
678600,21.96623218
678600,21.96623218
680400,21.99047809
680400,21.99047809
680400,21.99047809
682200,22.01402174
682200,22.01402173
682200,22.01402173
684000,22.01383061
684000,22.01383061
684000,22.01383061
685800,22.00007895
685800,22.00007895
685800,22.00007895
687600,21.8206075
687600,21.82060749
687600,21.82060749
689400,21.62006924
689400,21.62006923
689400,21.62006923
691200,21.41898745
691200,21.41898744
691200,21.41898744
693000,21.2186456
693000,21.21864559
693000,21.21864559
694800,21.018855
694800,21.01885499
694800,21.01885499
696600,20.81942888
696600,20.81942887
696600,20.81942887
698400,20.62091423
698400,20.62091422
698400,20.62091422
700200,20.4238527
700200,20.4238527
700200,20.4238527
702000,20.2284169
702000,20.22841689
702000,20.22841689
703800,20.03477769
703800,20.03477768
703800,20.03477768
705600,20.02638402
705600,20.02638402
705600,20.02638402
707400,19.99814987
707400,19.99814988
707400,19.99814988
709200,20.35699066
709200,20.35699068
709200,20.35699068
711000,20.76437291
711000,20.76437293
711000,20.76437293
712800,21.19278174
712800,21.19278176
712800,21.19278176
714600,21.65132057
714600,21.65132059
714600,21.65132059
716400,22.08965532
716400,22.08965532
716400,22.08965532
718200,22.07467997
718200,22.07467997
718200,22.07467997
720000,22.0971386
720000,22.0971386
720000,22.0971386
721800,22.15154128
721800,22.15154128
721800,22.15154128
723600,22.23264843
723600,22.23264844
723600,22.23264844
725400,22.33432343
725400,22.33432344
725400,22.33432344
727200,22.45067924
727200,22.45067925
727200,22.45067925
729000,22.57585228
729000,22.57585229
729000,22.57585229
730800,22.70383462
730800,22.70383463
730800,22.70383463
732600,22.83055536
732600,22.83055536
732600,22.83055536
734400,22.94452827
734400,22.94452827
734400,22.94452827
736200,23.03052871
736200,23.03052872
736200,23.03052872
738000,23.08606118
738000,23.08606118
738000,23.08606118
739800,23.10034048
739800,23.10034048
739800,23.10034048
741600,23.0947486
741600,23.0947486
741600,23.0947486
743400,23.07097994
743400,23.07097994
743400,23.07097994
745200,23.00579268
745200,23.00579268
745200,23.00579268
747000,22.90672632
747000,22.90672631
747000,22.90672631
748800,22.77404063
748800,22.77404063
748800,22.77404063
750600,22.61953946
750600,22.61953945
750600,22.61953945
752400,22.45539836
752400,22.45539835
752400,22.45539835
754200,22.28406562
754200,22.28406561
754200,22.28406561
756000,22.10795044
756000,22.10795044
756000,22.10795044
757800,21.9290984
757800,21.9290984
757800,21.9290984
759600,21.7482627
759600,21.74826269
759600,21.74826269
761400,21.56616103
761400,21.56616102
761400,21.56616102
763200,21.38285776
763200,21.38285776
763200,21.38285776
765000,21.19833427
765000,21.19833427
765000,21.19833427
766800,21.01278272
766800,21.01278271
766800,21.01278271
768600,20.82639344
768600,20.82639343
768600,20.82639343
770400,20.63972221
770400,20.6397222
770400,20.6397222
772200,20.45332271
772200,20.4533227
772200,20.4533227
774000,20.26699969
774000,20.26699969
774000,20.26699969
775800,20.08057897
775800,20.08057896
775800,20.08057896
777600,19.99435747
777600,19.99435748
777600,19.99435748
779400,19.97799646
779400,19.97799646
779400,19.97799646
781200,19.98720097
781200,19.98720097
781200,19.98720097
783000,20.00297765
783000,20.00297765
783000,20.00297765
784800,20.00951279
784800,20.00951279
784800,20.00951279
786600,19.82791814
786600,19.82791813
786600,19.82791813
788400,19.63830859
788400,19.63830858
788400,19.63830858
790200,19.45045297
790200,19.45045296
790200,19.45045296
792000,19.26433844
792000,19.26433843
792000,19.26433843
793800,19.08005149
793800,19.08005148
793800,19.08005148
795600,19.44422628
795600,19.4442263
795600,19.4442263
797400,19.86885617
797400,19.86885619
797400,19.86885619
799200,20.31866078
799200,20.3186608
799200,20.3186608
801000,20.80947927
801000,20.80947929
801000,20.80947929
802800,21.33518347
802800,21.33518349
802800,21.33518349
804600,21.89072069
804600,21.89072072
804600,21.89072072
806400,22.45765276
806400,22.45765278
806400,22.45765278
808200,23.0057536
808200,23.00575362
808200,23.00575362
810000,23.05586692
810000,23.05586692
810000,23.05586692
811800,23.06235493
811800,23.06235493
811800,23.06235493
813600,23.0826512
813600,23.0826512
813600,23.0826512
815400,23.11983691
815400,23.11983691
815400,23.11983691
817200,23.17490277
817200,23.17490278
817200,23.17490278
819000,23.2361049
819000,23.2361049
819000,23.2361049
820800,23.27540973
820800,23.27540973
820800,23.27540973
822600,23.28505366
822600,23.28505366
822600,23.28505366
824400,23.30215741
824400,23.30215741
824400,23.30215741
826200,23.33742139
826200,23.33742139
826200,23.33742139
828000,23.32460065
828000,23.32460065
828000,23.32460065
829800,23.25680786
829800,23.25680785
829800,23.25680785
831600,23.17069311
831600,23.1706931
831600,23.1706931
833400,23.05930591
833400,23.05930591
833400,23.05930591
835200,22.99079455
835200,22.99079455
835200,22.99079455
837000,22.98168772
837000,22.98168772
837000,22.98168772
838800,22.82794962
838800,22.82794961
838800,22.82794961
840600,22.67109665
840600,22.67109664
840600,22.67109664
842400,22.51539188
842400,22.51539188
842400,22.51539188
844200,22.36082688
844200,22.36082687
844200,22.36082687
846000,22.20904222
846000,22.20904221
846000,22.20904221
847800,22.06166347
847800,22.06166347
847800,22.06166347
849600,21.91865852
849600,21.91865852
849600,21.91865852
851400,21.77999266
851400,21.77999265
851400,21.77999265
853200,21.64417004
853200,21.64417003
853200,21.64417003
855000,21.50970763
855000,21.50970763
855000,21.50970763
856800,21.37677869
856800,21.37677869
856800,21.37677869
858600,21.24555468
858600,21.24555467
858600,21.24555467
860400,21.11547923
860400,21.11547922
860400,21.11547922
862200,20.98600721
862200,20.9860072
862200,20.9860072
864000,20.85526205
864000,20.85526205
864000,20.85526205
865800,20.79273619
865800,20.79273621
865800,20.79273621
867600,21.05025774
867600,21.05025774
867600,21.05025774
869400,21.00363085
869400,21.00363085
869400,21.00363085
871200,20.98487848
871200,20.98487848
871200,20.98487848
873000,20.98848271
873000,20.98848271
873000,20.98848271
874800,21.00113544
874800,21.00113544
874800,21.00113544
876600,21.00747623
876600,21.00747623
876600,21.00747623
878400,21.00457532
878400,21.00457532
878400,21.00457532
880200,20.9988816
880200,20.9988816
880200,20.9988816
882000,21.37205141
882000,21.37205143
882000,21.37205143
883800,21.76636865
883800,21.76636867
883800,21.76636867
885600,22.15277083
885600,22.15277085
885600,22.15277085
887400,22.53382689
887400,22.53382691
887400,22.53382691
889200,22.9106564
889200,22.91065641
889200,22.91065641
891000,23.00627566
891000,23.00627565
891000,23.00627565
892800,23.02193264
892800,23.02193264
892800,23.02193264
894600,23.00897864
894600,23.00897864
894600,23.00897864
896400,22.99305252
896400,22.99305252
896400,22.99305252
898200,22.99072112
898200,22.99072112
898200,22.99072112
900000,22.99772285
900000,22.99772285
900000,22.99772285
901800,23.00378106
901800,23.00378106
901800,23.00378106
903600,23.00456193
903600,23.00456193
903600,23.00456193
905400,23.00184557
905400,23.00184557
905400,23.00184557
907200,22.93396137
907200,22.93396137
907200,22.93396137
909000,22.8553128
909000,22.85531279
909000,22.85531279
910800,22.77356861
910800,22.77356861
910800,22.77356861
912600,22.686466
912600,22.686466
912600,22.686466
914400,22.59555284
914400,22.59555284
914400,22.59555284
916200,22.49935603
916200,22.49935603
916200,22.49935603
918000,22.39306675
918000,22.39306674
918000,22.39306674
919800,22.28258515
919800,22.28258515
919800,22.28258515
921600,22.17149524
921600,22.17149524
921600,22.17149524
923400,22.05713036
923400,22.05713036
923400,22.05713036
925200,21.9398469
925200,21.93984689
925200,21.93984689
927000,21.82170207
927000,21.82170207
927000,21.82170207
928800,21.70369096
928800,21.70369095
928800,21.70369095
930600,21.58654368
930600,21.58654368
930600,21.58654368
932400,21.46887313
932400,21.46887312
932400,21.46887312
934200,21.34935974
934200,21.34935973
934200,21.34935973
936000,21.22909612
936000,21.22909612
936000,21.22909612
937800,21.1088947
937800,21.1088947
937800,21.1088947
939600,20.98964901
939600,20.989649
939600,20.989649
941400,21.0096794
941400,21.0096794
941400,21.0096794
943200,21.01282302
943200,21.01282302
943200,21.01282302
945000,21.00345235
945000,21.00345235
945000,21.00345235
946800,20.89134675
946800,20.89134674
946800,20.89134674
948600,20.77428983
948600,20.77428983
948600,20.77428983
950400,20.65808978
950400,20.65808977
950400,20.65808977
952200,20.54274031
952200,20.5427403
952200,20.5427403
954000,20.42860162
954000,20.42860162
954000,20.42860162
955800,20.3160304
955800,20.31603039
955800,20.31603039
957600,20.20446561
957600,20.2044656
957600,20.2044656
959400,20.09337746
959400,20.09337745
959400,20.09337745
961200,19.98497684
961200,19.98497684
961200,19.98497684
963000,20.00149331
963000,20.00149331
963000,20.00149331
964800,20.40521162
964800,20.40521164
964800,20.40521164
966600,20.8325723
966600,20.83257233
966600,20.83257233
968400,21.2636811
968400,21.26368113
968400,21.26368113
970200,21.70492052
970200,21.70492055
970200,21.70492055
972000,22.07609576
972000,22.07609575
972000,22.07609575
973800,21.98261687
973800,21.98261687
973800,21.98261687
975600,21.9950633
975600,21.9950633
975600,21.9950633
977400,22.00694058
977400,22.00694058
977400,22.00694058
979200,22.00732241
979200,22.00732241
979200,22.00732241
981000,22.03807153
981000,22.03807154
981000,22.03807154
982800,22.0872863
982800,22.0872863
982800,22.0872863
984600,22.09981911
984600,22.09981911
984600,22.09981911
986400,22.11945255
986400,22.11945255
986400,22.11945255
988200,22.15768853
988200,22.15768853
988200,22.15768853
990000,22.52864715
990000,22.52864717
990000,22.52864717
991800,23.00853106
991800,23.00853108
991800,23.00853108
993600,23.12650351
993600,23.12650351
993600,23.12650351
995400,23.16928829
995400,23.16928829
995400,23.16928829
997200,23.15072083
997200,23.15072083
997200,23.15072083
999000,23.10823525
999000,23.10823525
999000,23.10823525
1.00E+06,23.05599544
1.00E+06,23.05599544
1.00E+06,23.05599544
1.00E+06,23.01095361
1.00E+06,23.01095361
1.00E+06,23.01095361
1.00E+06,23.00219509
1.00E+06,23.00219509
1.00E+06,23.00219509
1.01E+06,22.99534128
1.01E+06,22.99534128
1.01E+06,22.99534128
1.01E+06,22.99521908
1.01E+06,22.99521908
1.01E+06,22.99521908
1.01E+06,22.9994187
1.01E+06,22.9994187
1.01E+06,22.9994187
1.01E+06,23.00237248
1.01E+06,23.00237248
1.01E+06,23.00237248
1.01E+06,23.00201128
1.01E+06,23.00201128
1.01E+06,23.00201128
1.02E+06,23.00013005
1.02E+06,23.00013006
1.02E+06,23.00013006
1.02E+06,22.9988609
1.02E+06,22.9988609
1.02E+06,22.9988609
1.02E+06,22.99899326
1.02E+06,22.99899326
1.02E+06,22.99899326
1.02E+06,22.99985883
1.02E+06,22.99985883
1.02E+06,22.99985883
1.02E+06,23.00035352
1.02E+06,23.00035352
1.02E+06,23.00035352
1.02E+06,23.00027757
1.02E+06,23.00027757
1.02E+06,23.00027757
1.03E+06,22.99989605
1.03E+06,22.99989605
1.03E+06,22.99989605
1.03E+06,22.99967874
1.03E+06,22.99967874
1.03E+06,22.99967874
1.03E+06,22.99972449
1.03E+06,22.99972449
1.03E+06,22.99972449
1.03E+06,22.99986842
1.03E+06,22.99986842
1.03E+06,22.99986842
1.03E+06,22.99991549
1.03E+06,22.99991549
1.03E+06,22.99991549
1.04E+06,22.9998568
1.04E+06,22.9998568
1.04E+06,22.9998568
1.04E+06,22.99988883
1.04E+06,22.99988883
1.04E+06,22.99988883
1.04E+06,23.00000515
1.04E+06,23.00000515
1.04E+06,23.00000515
1.04E+06,23.0001946
1.04E+06,23.0001946
1.04E+06,23.0001946
1.04E+06,23.00019893
1.04E+06,23.00019893
1.04E+06,23.00019893
1.04E+06,23.0001161
1.04E+06,23.0001161
1.04E+06,23.0001161
1.05E+06,23.00003591
1.05E+06,23.00003591
1.05E+06,23.00003591
1.05E+06,22.84856774
1.05E+06,22.84856773
1.05E+06,22.84856773
1.05E+06,22.69266411
1.05E+06,22.6926641
1.05E+06,22.6926641
1.05E+06,22.54064557
1.05E+06,22.54064556
1.05E+06,22.54064556
1.05E+06,22.39165592
1.05E+06,22.39165591
1.05E+06,22.39165591
1.05E+06,22.24702719
1.05E+06,22.24702718
1.05E+06,22.24702718
1.06E+06,22.10937835
1.06E+06,22.10937834
1.06E+06,22.10937834
1.06E+06,21.98326194
1.06E+06,21.98326193
1.06E+06,21.98326193
1.06E+06,21.87315713
1.06E+06,21.87315713
1.06E+06,21.87315713
1.06E+06,21.77942674
1.06E+06,21.77942673
1.06E+06,21.77942673
1.06E+06,21.69925033
1.06E+06,21.69925032
1.06E+06,21.69925032
1.07E+06,21.64155921
1.07E+06,21.64155921
1.07E+06,21.64155921
1.07E+06,21.62524511
1.07E+06,21.62524511
1.07E+06,21.62524511
1.07E+06,21.61869176
1.07E+06,21.61869176
1.07E+06,21.61869176
1.07E+06,21.59828584
1.07E+06,21.59828584
1.07E+06,21.59828584
1.07E+06,21.57246928
1.07E+06,21.57246928
1.07E+06,21.57246928
1.07E+06,21.52553053
1.07E+06,21.52553053
1.07E+06,21.52553053
1.08E+06,21.45391616
1.08E+06,21.45391615
1.08E+06,21.45391615
1.08E+06,21.36455526
1.08E+06,21.36455526
1.08E+06,21.36455526
1.08E+06,21.46280014
1.08E+06,21.46280016
1.08E+06,21.46280016
1.08E+06,21.87293562
1.08E+06,21.87293565
1.08E+06,21.87293565
1.08E+06,22.32253311
1.08E+06,22.32253314
1.08E+06,22.32253314
1.09E+06,22.77684821
1.09E+06,22.77684824
1.09E+06,22.77684824
1.09E+06,23.25482007
1.09E+06,23.2548201
1.09E+06,23.2548201
1.09E+06,23.7478655
1.09E+06,23.74786553
1.09E+06,23.74786553
1.09E+06,23.80352051
1.09E+06,23.8035205
1.09E+06,23.8035205
1.09E+06,23.69131722
1.09E+06,23.69131722
1.09E+06,23.69131722
1.09E+06,23.56903676
1.09E+06,23.56903675
1.09E+06,23.56903675
1.10E+06,23.43050671
1.10E+06,23.4305067
1.10E+06,23.4305067
1.10E+06,23.28602781
1.10E+06,23.28602781
1.10E+06,23.28602781
1.10E+06,23.1389957
1.10E+06,23.13899569
1.10E+06,23.13899569
1.10E+06,22.99047444
1.10E+06,22.99047444
1.10E+06,22.99047444
1.10E+06,23.01689022
1.10E+06,23.01689021
1.10E+06,23.01689021
1.11E+06,22.86647653
1.11E+06,22.86647652
1.11E+06,22.86647652
1.11E+06,22.71464837
1.11E+06,22.71464836
1.11E+06,22.71464836
1.11E+06,22.5646649
1.11E+06,22.56466489
1.11E+06,22.56466489
1.11E+06,22.41760932
1.11E+06,22.41760931
1.11E+06,22.41760931
1.11E+06,22.2723609
1.11E+06,22.27236089
1.11E+06,22.27236089
1.11E+06,22.12783437
1.11E+06,22.12783436
1.11E+06,22.12783436
1.12E+06,22.39263879
1.12E+06,22.39263882
1.12E+06,22.39263882
1.12E+06,22.76591534
1.12E+06,22.76591537
1.12E+06,22.76591537
1.12E+06,23.0626335
1.12E+06,23.06263349
1.12E+06,23.06263349
1.12E+06,22.9964581
1.12E+06,22.99645811
1.12E+06,22.99645811
1.12E+06,22.98044292
1.12E+06,22.98044292
1.12E+06,22.98044292
1.13E+06,22.99332885
1.13E+06,22.99332885
1.13E+06,22.99332885
1.13E+06,22.84109451
1.13E+06,22.8410945
1.13E+06,22.8410945
1.13E+06,22.68908627
1.13E+06,22.68908626
1.13E+06,22.68908626
1.13E+06,22.53892256
1.13E+06,22.53892255
1.13E+06,22.53892255
1.13E+06,22.39095698
1.13E+06,22.39095697
1.13E+06,22.39095697
1.13E+06,22.24535573
1.13E+06,22.24535572
1.13E+06,22.24535572
1.14E+06,22.10228418
1.14E+06,22.10228417
1.14E+06,22.10228417
1.14E+06,21.9602572
1.14E+06,21.96025719
1.14E+06,21.96025719
1.14E+06,21.81779308
1.14E+06,21.81779307
1.14E+06,21.81779307
1.14E+06,21.67727911
1.14E+06,21.6772791
1.14E+06,21.6772791
1.14E+06,21.5441166
1.14E+06,21.54411659
1.14E+06,21.54411659
1.14E+06,21.41600984
1.14E+06,21.41600983
1.14E+06,21.41600983
1.15E+06,21.29257997
1.15E+06,21.29257996
1.15E+06,21.29257996
1.15E+06,21.17618717
1.15E+06,21.17618716
1.15E+06,21.17618716
1.15E+06,21.09031198
1.15E+06,21.09031198
1.15E+06,21.09031198
1.15E+06,21.05671159
1.15E+06,21.05671159
1.15E+06,21.05671159
1.15E+06,21.06394067
1.15E+06,21.06394067
1.15E+06,21.06394067
1.16E+06,21.08772035
1.16E+06,21.08772035
1.16E+06,21.08772035
1.16E+06,21.11273669
1.16E+06,21.11273669
1.16E+06,21.11273669
1.16E+06,21.18760425
1.16E+06,21.18760426
1.16E+06,21.18760426
1.16E+06,21.32417048
1.16E+06,21.32417049
1.16E+06,21.32417049
1.16E+06,21.44422554
1.16E+06,21.44422554
1.16E+06,21.44422554
1.16E+06,21.55293114
1.16E+06,21.55293114
1.16E+06,21.55293114
1.17E+06,21.66997158
1.17E+06,21.66997158
1.17E+06,21.66997158
1.17E+06,21.89502247
1.17E+06,21.8950225
1.17E+06,21.8950225
1.17E+06,22.42442798
1.17E+06,22.42442801
1.17E+06,22.42442801
1.17E+06,22.96635467
1.17E+06,22.9663547
1.17E+06,22.9663547
1.17E+06,23.07669882
1.17E+06,23.07669881
1.17E+06,23.07669881
1.18E+06,23.02749262
1.18E+06,23.02749262
1.18E+06,23.02749262
1.18E+06,23.0003935
1.18E+06,23.0003935
1.18E+06,23.0003935
1.18E+06,22.99024849
1.18E+06,22.9902485
1.18E+06,22.9902485
1.18E+06,22.99313781
1.18E+06,22.99313781
1.18E+06,22.99313781
1.18E+06,23.00086935
1.18E+06,23.00086935
1.18E+06,23.00086935
1.18E+06,22.86483925
1.18E+06,22.86483924
1.18E+06,22.86483924
1.19E+06,22.72583442
1.19E+06,22.72583441
1.19E+06,22.72583441
1.19E+06,22.58949387
1.19E+06,22.58949386
1.19E+06,22.58949386
1.19E+06,22.45561534
1.19E+06,22.45561533
1.19E+06,22.45561533
1.19E+06,22.32326487
1.19E+06,22.32326486
1.19E+06,22.32326486
1.19E+06,22.19151726
1.19E+06,22.19151725
1.19E+06,22.19151725
1.20E+06,22.06018466
1.20E+06,22.06018465
1.20E+06,22.06018465
1.20E+06,21.9920488
1.20E+06,21.99204881
1.20E+06,21.99204881
1.20E+06,21.98314254
1.20E+06,21.98314254
1.20E+06,21.98314254
1.20E+06,21.99401934
1.20E+06,21.99401934
1.20E+06,21.99401934
1.20E+06,22.00593466
1.20E+06,22.00593465
1.20E+06,22.00593465
1.20E+06,22.0073605
1.20E+06,22.0073605
1.20E+06,22.0073605
1.21E+06,22.00105654
1.21E+06,22.00105654
1.21E+06,22.00105654
1.21E+06,21.87544315
1.21E+06,21.87544314
1.21E+06,21.87544314
1.21E+06,21.7436785
1.21E+06,21.7436785
1.21E+06,21.7436785
1.21E+06,21.61104837
1.21E+06,21.61104836
1.21E+06,21.61104836
1.21E+06,21.47847521
1.21E+06,21.4784752
1.21E+06,21.4784752
1.22E+06,21.34687248
1.22E+06,21.34687247
1.22E+06,21.34687247
1.22E+06,21.2155002
1.22E+06,21.21550019
1.22E+06,21.21550019
1.22E+06,21.08362555
1.22E+06,21.08362554
1.22E+06,21.08362554
1.22E+06,20.95198513
1.22E+06,20.95198512
1.22E+06,20.95198512
1.22E+06,20.82130831
1.22E+06,20.8213083
1.22E+06,20.8213083
1.22E+06,20.69213767
1.22E+06,20.69213766
1.22E+06,20.69213766
1.23E+06,20.5651819
1.23E+06,20.56518189
1.23E+06,20.56518189
1.23E+06,20.77616572
1.23E+06,20.77616576
1.23E+06,20.77616576
1.23E+06,21.24752889
1.23E+06,21.24752893
1.23E+06,21.24752893
1.23E+06,21.70397242
1.23E+06,21.70397245
1.23E+06,21.70397245
1.23E+06,22.14426608
1.23E+06,22.14426611
1.23E+06,22.14426611
1.23E+06,22.41446819
1.23E+06,22.41446819
1.23E+06,22.41446819
1.24E+06,22.32226408
1.24E+06,22.32226407
1.24E+06,22.32226407
1.24E+06,22.2540161
1.24E+06,22.2540161
1.24E+06,22.2540161
1.24E+06,22.20211507
1.24E+06,22.20211507
1.24E+06,22.20211507
1.24E+06,22.17720488
1.24E+06,22.17720488
1.24E+06,22.17720488
1.24E+06,22.16061386
1.24E+06,22.16061386
1.24E+06,22.16061386
1.25E+06,22.11666318
1.25E+06,22.11666318
1.25E+06,22.11666318
1.25E+06,22.09396081
1.25E+06,22.09396081
1.25E+06,22.09396081
1.25E+06,22.51297323
1.25E+06,22.51297327
1.25E+06,22.51297327
1.25E+06,23.03539483
1.25E+06,23.03539486
1.25E+06,23.03539486
1.25E+06,23.07439748
1.25E+06,23.07439747
1.25E+06,23.07439747
1.25E+06,23.03242567
1.25E+06,23.03242567
1.25E+06,23.03242567
1.26E+06,22.99029992
1.26E+06,22.99029992
1.26E+06,22.99029992
1.26E+06,22.99843962
1.26E+06,22.99843961
1.26E+06,22.99843961
1.26E+06,23.00435269
1.26E+06,23.00435269
1.26E+06,23.00435269
1.26E+06,23.00378227
1.26E+06,23.00378227
1.26E+06,23.00378227
1.26E+06,22.99876491
1.26E+06,22.99876491
1.26E+06,22.99876491
1.27E+06,22.99641681
1.27E+06,22.99641681
1.27E+06,22.99641681
1.27E+06,22.99806868
1.27E+06,22.99806868
1.27E+06,22.99806868
1.27E+06,22.87300808
1.27E+06,22.87300807
1.27E+06,22.87300807
1.27E+06,22.73627084
1.27E+06,22.73627083
1.27E+06,22.73627083
1.27E+06,22.59838876
1.27E+06,22.59838875
1.27E+06,22.59838875
1.27E+06,22.46078424
1.27E+06,22.46078423
1.27E+06,22.46078423
1.28E+06,22.324187
1.28E+06,22.32418699
1.28E+06,22.32418699
1.28E+06,22.18767359
1.28E+06,22.18767358
1.28E+06,22.18767358
1.28E+06,22.05032955
1.28E+06,22.05032954
1.28E+06,22.05032954
1.28E+06,21.91215375
1.28E+06,21.91215374
1.28E+06,21.91215374
1.28E+06,21.77313796
1.28E+06,21.77313795
1.28E+06,21.77313795
1.29E+06,21.63313355
1.29E+06,21.63313354
1.29E+06,21.63313354
1.29E+06,21.49193609
1.29E+06,21.49193608
1.29E+06,21.49193608
1.29E+06,21.34978474
1.29E+06,21.34978473
1.29E+06,21.34978473
1.29E+06,21.20682314
1.29E+06,21.20682313
1.29E+06,21.20682313
1.29E+06,21.06385373
1.29E+06,21.06385372
1.29E+06,21.06385372
1.29E+06,20.92157672
1.29E+06,20.92157671
1.29E+06,20.92157671
1.30E+06,20.77959196
1.30E+06,20.77959195
1.30E+06,20.77959195
1.30E+06,20.63754937
1.30E+06,20.63754936
1.30E+06,20.63754936
1.30E+06,20.67928389
1.30E+06,20.67928392
1.30E+06,20.67928392
1.30E+06,21.06433764
1.30E+06,21.06433765
1.30E+06,21.06433765
1.30E+06,20.978059
1.30E+06,20.978059
1.30E+06,20.978059
1.31E+06,20.98338967
1.31E+06,20.98338966
1.31E+06,20.98338966
1.31E+06,21.0006755
1.31E+06,21.0006755
1.31E+06,21.0006755
1.31E+06,21.00994008
1.31E+06,21.00994008
1.31E+06,21.00994008
1.31E+06,21.0068285
1.31E+06,21.0068285
1.31E+06,21.0068285
1.31E+06,20.99933514
1.31E+06,20.99933514
1.31E+06,20.99933514
1.31E+06,21.37154056
1.31E+06,21.37154059
1.31E+06,21.37154059
1.32E+06,21.79582783
1.32E+06,21.79582786
1.32E+06,21.79582786
1.32E+06,22.06189719
1.32E+06,22.06189718
1.32E+06,22.06189718
1.32E+06,22.0091693
1.32E+06,22.0091693
1.32E+06,22.0091693
1.32E+06,22.00231897
1.32E+06,22.00231898
1.32E+06,22.00231898
1.32E+06,22.0309196
1.32E+06,22.03091961
1.32E+06,22.03091961
1.32E+06,22.53288311
1.32E+06,22.53288315
1.32E+06,22.53288315
1.33E+06,23.10098053
1.33E+06,23.10098055
1.33E+06,23.10098055
1.33E+06,23.21805785
1.33E+06,23.21805786
1.33E+06,23.21805786
1.33E+06,23.35274908
1.33E+06,23.35274909
1.33E+06,23.35274909
1.33E+06,23.50255279
1.33E+06,23.50255281
1.33E+06,23.50255281
1.33E+06,23.66184599
1.33E+06,23.661846
1.33E+06,23.661846
1.34E+06,23.82444506
1.34E+06,23.82444507
1.34E+06,23.82444507
1.34E+06,23.98456518
1.34E+06,23.98456519
1.34E+06,23.98456519
1.34E+06,24.13471034
1.34E+06,24.13471035
1.34E+06,24.13471035
1.34E+06,24.25514153
1.34E+06,24.25514154
1.34E+06,24.25514154
1.34E+06,24.28566406
1.34E+06,24.28566406
1.34E+06,24.28566406
1.34E+06,24.29295015
1.34E+06,24.29295016
1.34E+06,24.29295016
1.35E+06,24.33272108
1.35E+06,24.33272108
1.35E+06,24.33272108
1.35E+06,24.33968258
1.35E+06,24.33968258
1.35E+06,24.33968258
1.35E+06,24.3065394
1.35E+06,24.3065394
1.35E+06,24.3065394
1.35E+06,24.23501296
1.35E+06,24.23501295
1.35E+06,24.23501295
1.35E+06,24.1253843
1.35E+06,24.12538429
1.35E+06,24.12538429
1.36E+06,23.98434602
1.36E+06,23.984346
1.36E+06,23.984346
1.36E+06,23.82641524
1.36E+06,23.82641523
1.36E+06,23.82641523
1.36E+06,23.66078508
1.36E+06,23.66078506
1.36E+06,23.66078506
1.36E+06,23.49087953
1.36E+06,23.49087952
1.36E+06,23.49087952
1.36E+06,23.31855785
1.36E+06,23.31855783
1.36E+06,23.31855783
1.36E+06,23.14457028
1.36E+06,23.14457026
1.36E+06,23.14457026
1.37E+06,22.96966033
1.37E+06,22.96966032
1.37E+06,22.96966032
1.37E+06,22.79365148
1.37E+06,22.79365146
1.37E+06,22.79365146
1.37E+06,22.61636912
1.37E+06,22.61636911
1.37E+06,22.61636911
1.37E+06,22.43781713
1.37E+06,22.43781712
1.37E+06,22.43781712
1.37E+06,22.2580124
1.37E+06,22.25801239
1.37E+06,22.25801239
1.38E+06,22.07843067
1.38E+06,22.07843066
1.38E+06,22.07843066
1.38E+06,21.90052953
1.38E+06,21.90052951
1.38E+06,21.90052951
1.38E+06,21.72374686
1.38E+06,21.72374685
1.38E+06,21.72374685
1.38E+06,21.5475262
1.38E+06,21.54752619
1.38E+06,21.54752619
1.38E+06,21.37351249
1.38E+06,21.37351248
1.38E+06,21.37351248
1.38E+06,21.20333448
1.38E+06,21.20333447
1.38E+06,21.20333447
1.39E+06,21.03733049
1.39E+06,21.03733048
1.39E+06,21.03733048
1.39E+06,20.87583558
1.39E+06,20.87583557
1.39E+06,20.87583557
1.39E+06,20.71698491
1.39E+06,20.7169849
1.39E+06,20.7169849
1.39E+06,20.55895476
1.39E+06,20.55895475
1.39E+06,20.55895475
1.39E+06,20.40172329
1.39E+06,20.40172327
1.39E+06,20.40172327
1.40E+06,20.24525981
1.40E+06,20.2452598
1.40E+06,20.2452598
1.40E+06,20.09175963
1.40E+06,20.09175962
1.40E+06,20.09175962
1.40E+06,19.94392205
1.40E+06,19.94392204
1.40E+06,19.94392204
1.40E+06,20.21871717
1.40E+06,20.21871721
1.40E+06,20.21871721
1.40E+06,20.67462059
1.40E+06,20.67462062
1.40E+06,20.67462062
1.40E+06,21.12891034
1.40E+06,21.12891037
1.40E+06,21.12891037
1.41E+06,21.59427901
1.41E+06,21.59427905
1.41E+06,21.59427905
1.41E+06,22.09702775
1.41E+06,22.09702779
1.41E+06,22.09702779
1.41E+06,22.63993749
1.41E+06,22.63993753
1.41E+06,22.63993753
1.41E+06,23.10774923
1.41E+06,23.10774923
1.41E+06,23.10774923
1.41E+06,23.19962205
1.41E+06,23.19962206
1.41E+06,23.19962206
1.41E+06,23.32838546
1.41E+06,23.32838547
1.41E+06,23.32838547
1.42E+06,23.47402729
1.42E+06,23.4740273
1.42E+06,23.4740273
1.42E+06,23.6429266
1.42E+06,23.64292661
1.42E+06,23.64292661
1.42E+06,23.73062804
1.42E+06,23.73062804
1.42E+06,23.73062804
1.42E+06,23.72151149
1.42E+06,23.72151149
1.42E+06,23.72151149
1.42E+06,23.72287815
1.42E+06,23.72287815
1.42E+06,23.72287815
1.43E+06,23.77476861
1.43E+06,23.77476862
1.43E+06,23.77476862
1.43E+06,23.83042819
1.43E+06,23.8304282
1.43E+06,23.8304282
1.43E+06,23.89657736
1.43E+06,23.89657737
1.43E+06,23.89657737
1.43E+06,23.99003991
1.43E+06,23.99003991
1.43E+06,23.99003991
1.43E+06,24.05993391
1.43E+06,24.05993391
1.43E+06,24.05993391
1.43E+06,24.09435383
1.43E+06,24.09435383
1.43E+06,24.09435383
1.44E+06,24.08034704
1.44E+06,24.08034703
1.44E+06,24.08034703
1.44E+06,24.01958787
1.44E+06,24.01958787
1.44E+06,24.01958787
1.44E+06,23.91411622
1.44E+06,23.9141162
1.44E+06,23.9141162
1.44E+06,23.77743709
1.44E+06,23.77743708
1.44E+06,23.77743708
1.44E+06,23.62984222
1.44E+06,23.62984221
1.44E+06,23.62984221
1.45E+06,23.47663183
1.45E+06,23.47663182
1.45E+06,23.47663182
1.45E+06,23.31996865
1.45E+06,23.31996864
1.45E+06,23.31996864
1.45E+06,23.15969427
1.45E+06,23.15969425
1.45E+06,23.15969425
1.45E+06,22.99894977
1.45E+06,22.99894976
1.45E+06,22.99894976
1.45E+06,22.84084601
1.45E+06,22.840846
1.45E+06,22.840846
1.45E+06,22.68518034
1.45E+06,22.68518032
1.45E+06,22.68518032
1.46E+06,22.53175214
1.46E+06,22.53175213
1.46E+06,22.53175213
1.46E+06,22.37999539
1.46E+06,22.37999537
1.46E+06,22.37999537
1.46E+06,22.22936337
1.46E+06,22.22936336
1.46E+06,22.22936336
1.46E+06,22.07965737
1.46E+06,22.07965736
1.46E+06,22.07965736
1.46E+06,21.93067535
1.46E+06,21.93067534
1.46E+06,21.93067534
1.47E+06,21.78148686
1.47E+06,21.78148684
1.47E+06,21.78148684
1.47E+06,21.63119474
1.47E+06,21.63119473
1.47E+06,21.63119473
1.47E+06,21.47907389
1.47E+06,21.47907388
1.47E+06,21.47907388
1.47E+06,21.32440649
1.47E+06,21.32440648
1.47E+06,21.32440648
1.47E+06,21.1659287
1.47E+06,21.16592869
1.47E+06,21.16592869
1.47E+06,21.00238915
1.47E+06,21.00238914
1.47E+06,21.00238914
1.48E+06,20.83529033
1.48E+06,20.83529032
1.48E+06,20.83529032
1.48E+06,20.66611331
1.48E+06,20.66611329
1.48E+06,20.66611329
1.48E+06,20.49580413
1.48E+06,20.49580412
1.48E+06,20.49580412
1.48E+06,20.32527181
1.48E+06,20.3252718
1.48E+06,20.3252718
1.48E+06,20.15433914
1.48E+06,20.15433912
1.48E+06,20.15433912
1.49E+06,19.98505585
1.49E+06,19.98505584
1.49E+06,19.98505584
1.49E+06,20.36973916
1.49E+06,20.3697392
1.49E+06,20.3697392
1.49E+06,20.82236535
1.49E+06,20.82236538
1.49E+06,20.82236538
1.49E+06,21.30335371
1.49E+06,21.30335375
1.49E+06,21.30335375
1.49E+06,21.83504177
1.49E+06,21.83504181
1.49E+06,21.83504181
1.49E+06,22.37613551
1.49E+06,22.37613555
1.49E+06,22.37613555
1.50E+06,22.91882369
1.50E+06,22.91882373
1.50E+06,22.91882373
1.50E+06,23.14769574
1.50E+06,23.14769574
1.50E+06,23.14769574
1.50E+06,23.25795356
1.50E+06,23.25795357
1.50E+06,23.25795357
1.50E+06,23.4102839
1.50E+06,23.41028391
1.50E+06,23.41028391
1.50E+06,23.566047
1.50E+06,23.56604701
1.50E+06,23.56604701
1.50E+06,23.71433372
1.50E+06,23.71433374
1.50E+06,23.71433374
1.51E+06,23.88375564
1.51E+06,23.88375566
1.51E+06,23.88375566
1.51E+06,24.02162567
1.51E+06,24.02162568
1.51E+06,24.02162568
1.51E+06,24.09728564
1.51E+06,24.09728565
1.51E+06,24.09728565
1.51E+06,24.17398346
1.51E+06,24.17398347
1.51E+06,24.17398347
1.51E+06,24.23860156
1.51E+06,24.23860156
1.51E+06,24.23860156
1.52E+06,24.26624672
1.52E+06,24.26624673
1.52E+06,24.26624673
1.52E+06,24.27550392
1.52E+06,24.27550392
1.52E+06,24.27550392
1.52E+06,24.25440928
1.52E+06,24.25440928
1.52E+06,24.25440928
1.52E+06,24.20185459
1.52E+06,24.20185459
1.52E+06,24.20185459
1.52E+06,24.12473282
1.52E+06,24.12473281
1.52E+06,24.12473281
1.52E+06,24.02503769
1.52E+06,24.02503768
1.52E+06,24.02503768
1.53E+06,23.90577117
1.53E+06,23.90577116
1.53E+06,23.90577116
1.53E+06,23.76564749
1.53E+06,23.76564748
1.53E+06,23.76564748
1.53E+06,23.61019544
1.53E+06,23.61019542
1.53E+06,23.61019542
1.53E+06,23.44788185
1.53E+06,23.44788184
1.53E+06,23.44788184
1.53E+06,23.28392855
1.53E+06,23.28392854
1.53E+06,23.28392854
1.54E+06,23.12044345
1.54E+06,23.12044344
1.54E+06,23.12044344
1.54E+06,22.95815673
1.54E+06,22.95815672
1.54E+06,22.95815672
1.54E+06,22.79779024
1.54E+06,22.79779023
1.54E+06,22.79779023
1.54E+06,22.6391455
1.54E+06,22.63914549
1.54E+06,22.63914549
1.54E+06,22.48202808
1.54E+06,22.48202807
1.54E+06,22.48202807
1.54E+06,22.3255104
1.54E+06,22.32551039
1.54E+06,22.32551039
1.55E+06,22.16867444
1.55E+06,22.16867443
1.55E+06,22.16867443
1.55E+06,22.01188896
1.55E+06,22.01188895
1.55E+06,22.01188895
1.55E+06,21.85551921
1.55E+06,21.85551919
1.55E+06,21.85551919
1.55E+06,21.70011169
1.55E+06,21.70011168
1.55E+06,21.70011168
1.55E+06,21.54620776
1.55E+06,21.54620775
1.55E+06,21.54620775
1.56E+06,21.39324674
1.56E+06,21.39324673
1.56E+06,21.39324673
1.56E+06,21.24067345
1.56E+06,21.24067343
1.56E+06,21.24067343
1.56E+06,21.08885606
1.56E+06,21.08885604
1.56E+06,21.08885604
1.56E+06,20.93815951
1.56E+06,20.9381595
1.56E+06,20.9381595
1.56E+06,20.7891019
1.56E+06,20.78910189
1.56E+06,20.78910189
1.56E+06,20.64226139
1.56E+06,20.64226137
1.56E+06,20.64226137
1.57E+06,20.84420283
1.57E+06,20.84420286
1.57E+06,20.84420286
1.57E+06,21.2533202
1.57E+06,21.25332023
1.57E+06,21.25332023
1.57E+06,21.64935563
1.57E+06,21.64935566
1.57E+06,21.64935566
1.57E+06,22.03303868
1.57E+06,22.03303871
1.57E+06,22.03303871
1.57E+06,22.41729301
1.57E+06,22.41729305
1.57E+06,22.41729305
1.58E+06,22.81768849
1.58E+06,22.81768852
1.58E+06,22.81768852
1.58E+06,22.80112345
1.58E+06,22.80112344
1.58E+06,22.80112344
1.58E+06,22.66636906
1.58E+06,22.66636905
1.58E+06,22.66636905
1.58E+06,22.55065985
1.58E+06,22.55065985
1.58E+06,22.55065985
1.58E+06,22.49464957
1.58E+06,22.49464957
1.58E+06,22.49464957
1.58E+06,22.52229726
1.58E+06,22.52229726
1.58E+06,22.52229726
1.59E+06,22.60197621
1.59E+06,22.60197621
1.59E+06,22.60197621
1.59E+06,22.70332567
1.59E+06,22.70332568
1.59E+06,22.70332568
1.59E+06,22.82788124
1.59E+06,22.82788125
1.59E+06,22.82788125
1.59E+06,22.97211404
1.59E+06,22.97211405
1.59E+06,22.97211405
1.59E+06,23.13650036
1.59E+06,23.13650037
1.59E+06,23.13650037
1.59E+06,23.290013
1.59E+06,23.29001301
1.59E+06,23.29001301
1.60E+06,23.43911179
1.60E+06,23.43911181
1.60E+06,23.43911181
1.60E+06,23.57688568
1.60E+06,23.5768857
1.60E+06,23.5768857
1.60E+06,23.69735523
1.60E+06,23.69735524
1.60E+06,23.69735524
1.60E+06,23.79418449
1.60E+06,23.7941845
1.60E+06,23.7941845
1.60E+06,23.86109051
1.60E+06,23.86109051
1.60E+06,23.86109051
1.61E+06,23.89412357
1.61E+06,23.89412357
1.61E+06,23.89412357
1.61E+06,23.89064308
1.61E+06,23.89064308
1.61E+06,23.89064308
1.61E+06,23.84840961
1.61E+06,23.84840961
1.61E+06,23.84840961
1.61E+06,23.76552118
1.61E+06,23.76552117
1.61E+06,23.76552117
1.61E+06,23.64382462
1.61E+06,23.6438246
1.61E+06,23.6438246
1.61E+06,23.48932647
1.61E+06,23.48932646
1.61E+06,23.48932646
1.62E+06,23.31758777
1.62E+06,23.31758775
1.62E+06,23.31758775
1.62E+06,23.14249666
1.62E+06,23.14249665
1.62E+06,23.14249665
1.62E+06,22.96687076
1.62E+06,22.96687074
1.62E+06,22.96687074
1.62E+06,22.79179844
1.62E+06,22.79179842
1.62E+06,22.79179842
1.62E+06,22.61819177
1.62E+06,22.61819175
1.62E+06,22.61819175
1.63E+06,22.44695389
1.63E+06,22.44695387
1.63E+06,22.44695387
1.63E+06,22.27733459
1.63E+06,22.27733458
1.63E+06,22.27733458
1.63E+06,22.10859092
1.63E+06,22.1085909
1.63E+06,22.1085909
1.63E+06,21.93961719
1.63E+06,21.93961718
1.63E+06,21.93961718
1.63E+06,21.76931835
1.63E+06,21.76931834
1.63E+06,21.76931834
1.63E+06,21.59807062
1.63E+06,21.59807061
1.63E+06,21.59807061
1.64E+06,21.42624624
1.64E+06,21.42624622
1.64E+06,21.42624622
1.64E+06,21.25421892
1.64E+06,21.2542189
1.64E+06,21.2542189
1.64E+06,21.08235371
1.64E+06,21.08235369
1.64E+06,21.08235369
1.64E+06,20.91229385
1.64E+06,20.91229384
1.64E+06,20.91229384
1.64E+06,20.74567483
1.64E+06,20.74567482
1.64E+06,20.74567482
1.65E+06,20.58283786
1.65E+06,20.58283785
1.65E+06,20.58283785
1.65E+06,20.4241209
1.65E+06,20.42412089
1.65E+06,20.42412089
1.65E+06,20.26913994
1.65E+06,20.26913993
1.65E+06,20.26913993
1.65E+06,20.1175451
1.65E+06,20.11754509
1.65E+06,20.11754509
1.65E+06,19.96845479
1.65E+06,19.96845478
1.65E+06,19.96845478
1.65E+06,19.82118782
1.65E+06,19.82118781
1.65E+06,19.82118781
1.66E+06,19.67536441
1.66E+06,19.6753644
1.66E+06,19.6753644
1.66E+06,19.53163448
1.66E+06,19.53163447
1.66E+06,19.53163447
1.66E+06,19.73328069
1.66E+06,19.73328074
1.66E+06,19.73328074
1.66E+06,20.23475903
1.66E+06,20.23475908
1.66E+06,20.23475908
1.66E+06,20.73231346
1.66E+06,20.73231351
1.66E+06,20.73231351
1.67E+06,21.22777239
1.67E+06,21.22777243
1.67E+06,21.22777243
1.67E+06,21.70398708
1.67E+06,21.70398712
1.67E+06,21.70398712
1.67E+06,22.07911996
1.67E+06,22.07911995
1.67E+06,22.07911995
1.67E+06,22.00207868
1.67E+06,22.00207867
1.67E+06,22.00207867
1.67E+06,22.01047924
1.67E+06,22.01047923
1.67E+06,22.01047923
1.67E+06,22.45710021
1.67E+06,22.45710025
1.67E+06,22.45710025
1.68E+06,22.93011628
1.68E+06,22.93011633
1.68E+06,22.93011633
1.68E+06,23.39941775
1.68E+06,23.39941779
1.68E+06,23.39941779
1.68E+06,23.85010964
1.68E+06,23.85010968
1.68E+06,23.85010968
1.68E+06,24.04219139
1.68E+06,24.04219138
1.68E+06,24.04219138
1.68E+06,23.99176174
1.68E+06,23.99176175
1.68E+06,23.99176175
1.68E+06,23.98692442
1.68E+06,23.98692442
1.68E+06,23.98692442
1.69E+06,23.87801882
1.69E+06,23.87801881
1.69E+06,23.87801881
1.69E+06,23.76347456
1.69E+06,23.76347455
1.69E+06,23.76347455
1.69E+06,23.65386768
1.69E+06,23.65386767
1.69E+06,23.65386767
1.69E+06,23.54595155
1.69E+06,23.54595154
1.69E+06,23.54595154
1.69E+06,23.43240681
1.69E+06,23.4324068
1.69E+06,23.4324068
1.70E+06,23.31286194
1.70E+06,23.31286193
1.70E+06,23.31286193
1.70E+06,23.18950884
1.70E+06,23.18950883
1.70E+06,23.18950883
1.70E+06,23.06320319
1.70E+06,23.06320317
1.70E+06,23.06320317
1.70E+06,22.93439752
1.70E+06,22.9343975
1.70E+06,22.9343975
1.70E+06,22.80753814
1.70E+06,22.80753814
1.70E+06,22.80753814
1.70E+06,23.0464982
1.70E+06,23.04649818
1.70E+06,23.04649818
1.71E+06,23.00525119
1.71E+06,23.0052512
1.71E+06,23.0052512
1.71E+06,22.98930957
1.71E+06,22.98930958
1.71E+06,22.98930958
1.71E+06,22.98867575
1.71E+06,22.98867575
1.71E+06,22.98867575
1.71E+06,22.99762706
1.71E+06,22.99762705
1.71E+06,22.99762705
1.71E+06,23.00475353
1.71E+06,23.00475353
1.71E+06,23.00475353
1.72E+06,23.00475705
1.72E+06,23.00475705
1.72E+06,23.00475705
1.72E+06,23.00063779
1.72E+06,23.00063779
1.72E+06,23.00063779
1.72E+06,22.99772634
1.72E+06,22.99772634
1.72E+06,22.99772634
1.72E+06,22.99803561
1.72E+06,22.99803561
1.72E+06,22.99803561
1.72E+06,22.99991861
1.72E+06,22.99991861
1.72E+06,22.99991861
1.72E+06,23.00104876
1.72E+06,23.00104876
1.72E+06,23.00104876
1.73E+06,23.00071516
1.73E+06,23.00071516
1.73E+06,23.00071516
1.73E+06,22.99986465
1.73E+06,22.99986465
1.73E+06,22.99986465
1.73E+06,22.99951287
1.73E+06,22.99951287
1.73E+06,22.99951287
1.73E+06,22.99978246
1.73E+06,22.99978246
1.73E+06,22.99978246
1.73E+06,23.0001703
1.73E+06,23.0001703
1.73E+06,23.0001703
1.74E+06,23.00021942
1.74E+06,23.00021942
1.74E+06,23.00021942
1.74E+06,23.000006
1.74E+06,23.000006
1.74E+06,23.000006
1.74E+06,22.99984835
1.74E+06,22.99984835
1.74E+06,22.99984835
1.74E+06,22.99987467
1.74E+06,22.99987467
1.74E+06,22.99987467
1.74E+06,22.99998258
1.74E+06,22.99998258
1.74E+06,22.99998258
1.74E+06,23.0001361
1.74E+06,23.0001361
1.74E+06,23.0001361
1.75E+06,23.00055306
1.75E+06,23.00055306
1.75E+06,23.00055306
1.75E+06,23.00097549
1.75E+06,23.00097549
1.75E+06,23.00097549
1.75E+06,22.93633771
1.75E+06,22.93633771
1.75E+06,22.93633771
1.75E+06,22.92217276
1.75E+06,22.92217276
1.75E+06,22.92217276
1.75E+06,22.94781973
1.75E+06,22.94781974
1.75E+06,22.94781974
1.76E+06,23.00869793
1.76E+06,23.00869794
1.76E+06,23.00869794
1.76E+06,23.09632826
1.76E+06,23.09632827
1.76E+06,23.09632827
1.76E+06,23.21530603
1.76E+06,23.21530605
1.76E+06,23.21530605
1.76E+06,23.36638081
1.76E+06,23.36638083
1.76E+06,23.36638083
1.76E+06,23.53469274
1.76E+06,23.53469276
1.76E+06,23.53469276
1.76E+06,23.70267021
1.76E+06,23.70267022
1.76E+06,23.70267022
1.77E+06,23.87831998
1.77E+06,23.87832
1.77E+06,23.87832
1.77E+06,24.06584455
1.77E+06,24.06584457
1.77E+06,24.06584457
1.77E+06,24.24507044
1.77E+06,24.24507046
1.77E+06,24.24507046
1.77E+06,24.41225762
1.77E+06,24.41225763
1.77E+06,24.41225763
1.77E+06,24.56198535
1.77E+06,24.56198536
1.77E+06,24.56198536
1.77E+06,24.67928562
1.77E+06,24.67928563
1.77E+06,24.67928563
1.78E+06,24.75136698
1.78E+06,24.75136698
1.78E+06,24.75136698
1.78E+06,24.77449124
1.78E+06,24.77449124
1.78E+06,24.77449124
1.78E+06,24.75275296
1.78E+06,24.75275295
1.78E+06,24.75275295
1.78E+06,24.71966492
1.78E+06,24.71966492
1.78E+06,24.71966492
1.78E+06,24.65910989
1.78E+06,24.65910989
1.78E+06,24.65910989
1.79E+06,24.55020175
1.79E+06,24.55020174
1.79E+06,24.55020174
1.79E+06,24.41880716
1.79E+06,24.41880714
1.79E+06,24.41880714
1.79E+06,24.27268824
1.79E+06,24.27268822
1.79E+06,24.27268822
1.79E+06,24.11870125
1.79E+06,24.11870123
1.79E+06,24.11870123
1.79E+06,23.96008209
1.79E+06,23.96008208
1.79E+06,23.96008208
1.79E+06,23.7960359
1.79E+06,23.79603588
1.79E+06,23.79603588
1.80E+06,23.62990056
1.80E+06,23.62990054
1.80E+06,23.62990054
1.80E+06,23.46498132
1.80E+06,23.46498131
1.80E+06,23.46498131
1.80E+06,23.30108609
1.80E+06,23.30108607
1.80E+06,23.30108607
1.80E+06,23.13802626
1.80E+06,23.13802624
1.80E+06,23.13802624
1.80E+06,22.97579233
1.80E+06,22.97579231
1.80E+06,22.97579231
1.81E+06,22.81437996
1.81E+06,22.81437994
1.81E+06,22.81437994
1.81E+06,22.65213416
1.81E+06,22.65213414
1.81E+06,22.65213414
1.81E+06,22.48741605
1.81E+06,22.48741603
1.81E+06,22.48741603
1.81E+06,22.32152625
1.81E+06,22.32152623
1.81E+06,22.32152623
1.81E+06,22.15575497
1.81E+06,22.15575496
1.81E+06,22.15575496
1.81E+06,21.99302806
1.81E+06,21.99302804
1.81E+06,21.99302804
1.82E+06,21.8363197
1.82E+06,21.83631968
1.82E+06,21.83631968
1.82E+06,21.68251588
1.82E+06,21.68251587
1.82E+06,21.68251587
1.82E+06,21.52874026
1.82E+06,21.52874025
1.82E+06,21.52874025
1.82E+06,21.37554155
1.82E+06,21.37554153
1.82E+06,21.37554153
1.82E+06,21.22346425
1.82E+06,21.22346424
1.82E+06,21.22346424
1.83E+06,21.07341628
1.83E+06,21.07341627
1.83E+06,21.07341627
1.83E+06,20.92629668
1.83E+06,20.92629666
1.83E+06,20.92629666
1.83E+06,20.77950667
1.83E+06,20.77950665
1.83E+06,20.77950665
1.83E+06,20.63141329
1.83E+06,20.63141328
1.83E+06,20.63141328
1.83E+06,20.85040803
1.83E+06,20.85040807
1.83E+06,20.85040807
1.83E+06,21.30103301
1.83E+06,21.30103306
1.83E+06,21.30103306
1.84E+06,21.78781396
1.84E+06,21.78781402
1.84E+06,21.78781402
1.84E+06,22.30806018
1.84E+06,22.30806023
1.84E+06,22.30806023
1.84E+06,22.83161108
1.84E+06,22.83161114
1.84E+06,22.83161114
1.84E+06,23.12779762
1.84E+06,23.12779762
1.84E+06,23.12779762
1.84E+06,23.22270483
1.84E+06,23.22270484
1.84E+06,23.22270484
1.85E+06,23.34186999
1.85E+06,23.34187001
1.85E+06,23.34187001
1.85E+06,23.45579794
1.85E+06,23.45579795
1.85E+06,23.45579795
1.85E+06,23.58543172
1.85E+06,23.58543174
1.85E+06,23.58543174
1.85E+06,23.74606072
1.85E+06,23.74606074
1.85E+06,23.74606074
1.85E+06,23.92072117
1.85E+06,23.92072119
1.85E+06,23.92072119
1.85E+06,24.10988341
1.85E+06,24.10988343
1.85E+06,24.10988343
1.86E+06,24.29054381
1.86E+06,24.29054382
1.86E+06,24.29054382
1.86E+06,24.46546258
1.86E+06,24.4654626
1.86E+06,24.4654626
1.86E+06,24.5784836
1.86E+06,24.57848361
1.86E+06,24.57848361
1.86E+06,24.6061323
1.86E+06,24.6061323
1.86E+06,24.6061323
1.86E+06,24.59668636
1.86E+06,24.59668636
1.86E+06,24.59668636
1.86E+06,24.5556106
1.86E+06,24.55561059
1.86E+06,24.55561059
1.87E+06,24.48008932
1.87E+06,24.48008931
1.87E+06,24.48008931
1.87E+06,24.38805329
1.87E+06,24.38805328
1.87E+06,24.38805328
1.87E+06,24.29793601
1.87E+06,24.297936
1.87E+06,24.297936
1.87E+06,24.20046093
1.87E+06,24.20046092
1.87E+06,24.20046092
1.87E+06,24.08551121
1.87E+06,24.0855112
1.87E+06,24.0855112
1.88E+06,23.96132119
1.88E+06,23.96132118
1.88E+06,23.96132118
1.88E+06,23.83596812
1.88E+06,23.83596811
1.88E+06,23.83596811
1.88E+06,23.71108134
1.88E+06,23.71108133
1.88E+06,23.71108133
1.88E+06,23.58674273
1.88E+06,23.58674272
1.88E+06,23.58674272
1.88E+06,23.46258183
1.88E+06,23.46258182
1.88E+06,23.46258182
1.88E+06,23.3382318
1.88E+06,23.33823179
1.88E+06,23.33823179
1.89E+06,23.21314438
1.89E+06,23.21314436
1.89E+06,23.21314436
1.89E+06,23.08677662
1.89E+06,23.08677661
1.89E+06,23.08677661
1.89E+06,22.96042035
1.89E+06,22.96042034
1.89E+06,22.96042034
1.89E+06,22.83538938
1.89E+06,22.83538937
1.89E+06,22.83538937
1.89E+06,22.71087113
1.89E+06,22.71087111
1.89E+06,22.71087111
1.90E+06,22.58616167
1.90E+06,22.58616166
1.90E+06,22.58616166
1.90E+06,22.46054013
1.90E+06,22.46054011
1.90E+06,22.46054011
1.90E+06,22.33327615
1.90E+06,22.33327614
1.90E+06,22.33327614
1.90E+06,22.20474821
1.90E+06,22.2047482
1.90E+06,22.2047482
1.90E+06,22.07533108
1.90E+06,22.07533107
1.90E+06,22.07533107
1.90E+06,21.94633443
1.90E+06,21.94633442
1.90E+06,21.94633442
1.91E+06,21.81899355
1.91E+06,21.81899354
1.91E+06,21.81899354
1.91E+06,21.69315755
1.91E+06,21.69315754
1.91E+06,21.69315754
1.91E+06,21.56861319
1.91E+06,21.56861317
1.91E+06,21.56861317
1.91E+06,21.64950287
1.91E+06,21.64950292
1.91E+06,21.64950292
1.91E+06,22.04896593
1.91E+06,22.04896596
1.91E+06,22.04896596
1.92E+06,21.9778274
1.92E+06,21.9778274
1.92E+06,21.9778274
1.92E+06,21.99798137
1.92E+06,21.99798137
1.92E+06,21.99798137
1.92E+06,22.01144005
1.92E+06,22.01144005
1.92E+06,22.01144005
1.92E+06,22.009642
1.92E+06,22.009642
1.92E+06,22.009642
1.92E+06,22.00079569
1.92E+06,22.00079569
1.92E+06,22.00079569
1.92E+06,21.9951645
1.92E+06,21.9951645
1.92E+06,21.9951645
1.93E+06,21.99646426
1.93E+06,21.99646426
1.93E+06,21.99646426
1.93E+06,22.00039597
1.93E+06,22.00039597
1.93E+06,22.00039597
1.93E+06,22.0026806
1.93E+06,22.0026806
1.93E+06,22.0026806
1.93E+06,22.00225733
1.93E+06,22.00225733
1.93E+06,22.00225733
1.93E+06,22.00073148
1.93E+06,22.00073148
1.93E+06,22.00073148
1.94E+06,21.99959184
1.94E+06,21.99959184
1.94E+06,21.99959184
1.94E+06,21.998981
1.94E+06,21.998981
1.94E+06,21.998981
1.94E+06,21.99948224
1.94E+06,21.99948224
1.94E+06,21.99948224
1.94E+06,22.00042478
1.94E+06,22.00042478
1.94E+06,22.00042478
1.94E+06,22.00059822
1.94E+06,22.00059822
1.94E+06,22.00059822
1.94E+06,22.00004915
1.94E+06,22.00004915
1.94E+06,22.00004915
1.95E+06,21.99916947
1.95E+06,21.99916947
1.95E+06,21.99916947
1.95E+06,21.99895854
1.95E+06,21.99895854
1.95E+06,21.99895854
1.95E+06,21.99962961
1.95E+06,21.99962961
1.95E+06,21.99962961
1.95E+06,22.00022055
1.95E+06,22.00022055
1.95E+06,22.00022055
1.95E+06,22.00011655
1.95E+06,22.00011655
1.95E+06,22.00011655
1.95E+06,21.99957966
1.95E+06,21.99957966
1.95E+06,21.99957966
1.96E+06,21.99936352
1.96E+06,21.99936352
1.96E+06,21.99936352
1.96E+06,21.99958131
1.96E+06,21.99958131
1.96E+06,21.99958131
1.96E+06,21.99990761
1.96E+06,21.99990761
1.96E+06,21.99990761
1.96E+06,21.9998819
1.96E+06,21.9998819
1.96E+06,21.9998819
1.96E+06,21.99994127
1.96E+06,21.99994127
1.96E+06,21.99994127
1.97E+06,22.00005189
1.97E+06,22.00005189
1.97E+06,22.00005189
1.97E+06,22.00014767
1.97E+06,22.00014767
1.97E+06,22.00014767
1.97E+06,22.00008595
1.97E+06,22.00008595
1.97E+06,22.00008595
1.97E+06,21.99995957
1.97E+06,21.99995957
1.97E+06,21.99995957
1.97E+06,21.88616572
1.97E+06,21.88616571
1.97E+06,21.88616571
1.97E+06,21.78755364
1.97E+06,21.78755367
1.97E+06,21.78755367
1.98E+06,22.05542223
1.98E+06,22.05542222
1.98E+06,22.05542222
1.98E+06,21.99207823
1.98E+06,21.99207824
1.98E+06,21.99207824
1.98E+06,21.98463818
1.98E+06,21.98463818
1.98E+06,21.98463818
1.98E+06,21.9953296
1.98E+06,21.9953296
1.98E+06,21.9953296
1.98E+06,22.00614985
1.98E+06,22.00614985
1.98E+06,22.00614985
1.99E+06,22.00643773
1.99E+06,22.00643773
1.99E+06,22.00643773
1.99E+06,22.00029459
1.99E+06,22.00029459
1.99E+06,22.00029459
1.99E+06,21.9963531
1.99E+06,21.9963531
1.99E+06,21.9963531
1.99E+06,21.99756291
1.99E+06,21.99756291
1.99E+06,21.99756291
1.99E+06,22.00058943
1.99E+06,22.00058943
1.99E+06,22.00058943
1.99E+06,22.00180161
1.99E+06,22.00180161
1.99E+06,22.00180161
2.00E+06,21.88243262
2.00E+06,21.8824326
2.00E+06,21.8824326
2.00E+06,21.75812094
2.00E+06,21.75812092
2.00E+06,21.75812092
2.00E+06,21.63471922
2.00E+06,21.63471921
2.00E+06,21.63471921
2.00E+06,21.51185436
2.00E+06,21.51185435
2.00E+06,21.51185435
2.00E+06,21.39043931
2.00E+06,21.3904393
2.00E+06,21.3904393
2.01E+06,21.68754318
2.01E+06,21.68754323
2.01E+06,21.68754323
2.01E+06,22.15493254
2.01E+06,22.15493259
2.01E+06,22.15493259
2.01E+06,22.63040065
2.01E+06,22.6304007
2.01E+06,22.6304007
2.01E+06,23.07775774
2.01E+06,23.07775776
2.01E+06,23.07775776
2.01E+06,23.03484723
2.01E+06,23.03484722
2.01E+06,23.03484722
2.01E+06,23.0118258
2.01E+06,23.0118258
2.01E+06,23.0118258
2.02E+06,23.02597761
2.02E+06,23.02597761
2.02E+06,23.02597761
2.02E+06,23.05547538
2.02E+06,23.05547538
2.02E+06,23.05547538
2.02E+06,23.0794453
2.02E+06,23.0794453
2.02E+06,23.0794453
2.02E+06,23.09796025
2.02E+06,23.09796026
2.02E+06,23.09796026
2.02E+06,23.12866191
2.02E+06,23.12866191
2.02E+06,23.12866191
2.03E+06,23.17661359
2.03E+06,23.17661359
2.03E+06,23.17661359
2.03E+06,23.23149278
2.03E+06,23.23149279
2.03E+06,23.23149279
2.03E+06,23.27053475
2.03E+06,23.27053475
2.03E+06,23.27053475
2.03E+06,23.28206671
2.03E+06,23.28206671
2.03E+06,23.28206671
2.03E+06,23.27330925
2.03E+06,23.27330924
2.03E+06,23.27330924
2.03E+06,23.26045262
2.03E+06,23.26045262
2.03E+06,23.26045262
2.04E+06,23.2535008
2.04E+06,23.2535008
2.04E+06,23.2535008
2.04E+06,23.23982075
2.04E+06,23.23982075
2.04E+06,23.23982075
2.04E+06,23.21170866
2.04E+06,23.21170866
2.04E+06,23.21170866
2.04E+06,23.17221901
2.04E+06,23.172219
2.04E+06,23.172219
2.04E+06,23.1121022
2.04E+06,23.11210219
2.04E+06,23.11210219
2.04E+06,23.03183645
2.04E+06,23.03183644
2.04E+06,23.03183644
2.05E+06,23.00060953
2.05E+06,23.00060954
2.05E+06,23.00060954
2.05E+06,22.90768509
2.05E+06,22.90768508
2.05E+06,22.90768508
2.05E+06,22.80706346
2.05E+06,22.80706345
2.05E+06,22.80706345
2.05E+06,22.7063611
2.05E+06,22.70636108
2.05E+06,22.70636108
2.05E+06,22.60566387
2.05E+06,22.60566386
2.05E+06,22.60566386
2.06E+06,22.50478853
2.06E+06,22.50478852
2.06E+06,22.50478852
2.06E+06,22.40355359
2.06E+06,22.40355358
2.06E+06,22.40355358
2.06E+06,22.30177842
2.06E+06,22.30177841
2.06E+06,22.30177841
2.06E+06,22.19928428
2.06E+06,22.19928427
2.06E+06,22.19928427
2.06E+06,22.09589323
2.06E+06,22.09589322
2.06E+06,22.09589322
2.06E+06,21.99185479
2.06E+06,21.99185478
2.06E+06,21.99185478
2.07E+06,22.01092741
2.07E+06,22.01092741
2.07E+06,22.01092741
2.07E+06,22.01081406
2.07E+06,22.01081406
2.07E+06,22.01081406
2.07E+06,21.99952613
2.07E+06,21.99952613
2.07E+06,21.99952613
2.07E+06,21.99333171
2.07E+06,21.99333171
2.07E+06,21.99333171
2.07E+06,21.99651643
2.07E+06,21.99651642
2.07E+06,21.99651642
2.08E+06,22.35507679
2.08E+06,22.35507683
2.08E+06,22.35507683
2.08E+06,22.74738728
2.08E+06,22.74738733
2.08E+06,22.74738733
2.08E+06,23.06861969
2.08E+06,23.06861968
2.08E+06,23.06861968
2.08E+06,22.98223081
2.08E+06,22.98223082
2.08E+06,22.98223082
2.08E+06,22.9858049
2.08E+06,22.98580489
2.08E+06,22.98580489
2.08E+06,23.00296187
2.08E+06,23.00296186
2.08E+06,23.00296186
2.09E+06,23.00992116
2.09E+06,23.00992116
2.09E+06,23.00992116
2.09E+06,23.00357949
2.09E+06,23.00357949
2.09E+06,23.00357949
2.09E+06,22.99615822
2.09E+06,22.99615822
2.09E+06,22.99615822
2.09E+06,22.99657343
2.09E+06,22.99657343
2.09E+06,22.99657343
2.09E+06,23.00201811
2.09E+06,23.00201811
2.09E+06,23.00201811
2.10E+06,23.00492981
2.10E+06,23.00492981
2.10E+06,23.00492981
2.10E+06,23.00453791
2.10E+06,23.00453792
2.10E+06,23.00453792
2.10E+06,23.04543613
2.10E+06,23.04543614
2.10E+06,23.04543614
2.10E+06,23.13050807
2.10E+06,23.13050808
2.10E+06,23.13050808
2.10E+06,23.25076356
2.10E+06,23.25076357
2.10E+06,23.25076357
2.10E+06,23.3932915
2.10E+06,23.39329152
2.10E+06,23.39329152
2.11E+06,23.54293921
2.11E+06,23.54293923
2.11E+06,23.54293923
2.11E+06,23.69771737
2.11E+06,23.69771739
2.11E+06,23.69771739
2.11E+06,23.8778399
2.11E+06,23.87783992
2.11E+06,23.87783992
2.11E+06,24.05261514
2.11E+06,24.05261516
2.11E+06,24.05261516
2.11E+06,24.22734573
2.11E+06,24.22734575
2.11E+06,24.22734575
2.12E+06,24.41993329
2.12E+06,24.41993331
2.12E+06,24.41993331
2.12E+06,24.61015226
2.12E+06,24.61015228
2.12E+06,24.61015228
2.12E+06,24.78926368
2.12E+06,24.7892637
2.12E+06,24.7892637
2.12E+06,24.94820047
2.12E+06,24.94820048
2.12E+06,24.94820048
2.12E+06,25.07815528
2.12E+06,25.0781553
2.12E+06,25.0781553
2.12E+06,25.16895512
2.12E+06,25.16895513
2.12E+06,25.16895513
2.13E+06,25.22762825
2.13E+06,25.22762826
2.13E+06,25.22762826
2.13E+06,25.24606098
2.13E+06,25.24606098
2.13E+06,25.24606098
2.13E+06,25.21560558
2.13E+06,25.21560557
2.13E+06,25.21560557
2.13E+06,25.14399443
2.13E+06,25.14399442
2.13E+06,25.14399442
2.13E+06,25.04468993
2.13E+06,25.04468992
2.13E+06,25.04468992
2.13E+06,24.93002781
2.13E+06,24.9300278
2.13E+06,24.9300278
2.14E+06,24.80707192
2.14E+06,24.80707191
2.14E+06,24.80707191
2.14E+06,24.68074857
2.14E+06,24.68074856
2.14E+06,24.68074856
2.14E+06,24.55315391
2.14E+06,24.5531539
2.14E+06,24.5531539
2.14E+06,24.42393081
2.14E+06,24.4239308
2.14E+06,24.4239308
2.14E+06,24.2927161
2.14E+06,24.29271609
2.14E+06,24.29271609
2.15E+06,24.15990029
2.15E+06,24.15990027
2.15E+06,24.15990027
2.15E+06,24.0258361
2.15E+06,24.02583608
2.15E+06,24.02583608
2.15E+06,23.89095795
2.15E+06,23.89095793
2.15E+06,23.89095793
2.15E+06,23.75558594
2.15E+06,23.75558592
2.15E+06,23.75558592
2.15E+06,23.62030754
2.15E+06,23.62030753
2.15E+06,23.62030753
2.15E+06,23.48565388
2.15E+06,23.48565387
2.15E+06,23.48565387
2.16E+06,23.35198583
2.16E+06,23.35198581
2.16E+06,23.35198581
2.16E+06,23.21966222
2.16E+06,23.21966221
2.16E+06,23.21966221
2.16E+06,23.08940613
2.16E+06,23.08940612
2.16E+06,23.08940612
2.16E+06,22.96193349
2.16E+06,22.96193348
2.16E+06,22.96193348
2.16E+06,22.83649109
2.16E+06,22.83649107
2.16E+06,22.83649107
2.17E+06,22.71233292
2.17E+06,22.7123329
2.17E+06,22.7123329
2.17E+06,22.58926637
2.17E+06,22.58926636
2.17E+06,22.58926636
2.17E+06,22.46711588
2.17E+06,22.46711586
2.17E+06,22.46711586
2.17E+06,22.34492831
2.17E+06,22.34492829
2.17E+06,22.34492829
2.17E+06,22.22180506
2.17E+06,22.22180505
2.17E+06,22.22180505
2.17E+06,22.51863756
2.17E+06,22.51863761
2.17E+06,22.51863761
2.18E+06,22.89888804
2.18E+06,22.89888808
2.18E+06,22.89888808
2.18E+06,22.8645166
2.18E+06,22.86451658
2.18E+06,22.86451658
2.18E+06,22.77540108
2.18E+06,22.77540107
2.18E+06,22.77540107
2.18E+06,22.73135924
2.18E+06,22.73135924
2.18E+06,22.73135924
2.18E+06,22.73352482
2.18E+06,22.73352482
2.18E+06,22.73352482
2.19E+06,22.78255957
2.19E+06,22.78255958
2.19E+06,22.78255958
2.19E+06,22.87501726
2.19E+06,22.87501728
2.19E+06,22.87501728
2.19E+06,23.00426751
2.19E+06,23.00426753
2.19E+06,23.00426753
2.19E+06,23.16331537
2.19E+06,23.16331539
2.19E+06,23.16331539
2.19E+06,23.34684365
2.19E+06,23.34684368
2.19E+06,23.34684368
2.19E+06,23.51809662
2.19E+06,23.51809664
2.19E+06,23.51809664
2.20E+06,23.66892423
2.20E+06,23.66892425
2.20E+06,23.66892425
2.20E+06,23.82194641
2.20E+06,23.82194643
2.20E+06,23.82194643
2.20E+06,23.93565117
2.20E+06,23.93565118
2.20E+06,23.93565118
2.20E+06,24.01032683
2.20E+06,24.01032684
2.20E+06,24.01032684
2.20E+06,24.07033651
2.20E+06,24.07033651
2.20E+06,24.07033651
2.21E+06,24.07590919
2.21E+06,24.07590919
2.21E+06,24.07590919
2.21E+06,24.03922536
2.21E+06,24.03922535
2.21E+06,24.03922535
2.21E+06,23.99607644
2.21E+06,23.99607644
2.21E+06,23.99607644
2.21E+06,23.97463783
2.21E+06,23.97463783
2.21E+06,23.97463783
2.21E+06,23.99648498
2.21E+06,23.99648498
2.21E+06,23.99648498
2.21E+06,23.99335584
2.21E+06,23.99335583
2.21E+06,23.99335583
2.22E+06,23.93780823
2.22E+06,23.93780822
2.22E+06,23.93780822
2.22E+06,23.86512844
2.22E+06,23.86512843
2.22E+06,23.86512843
2.22E+06,23.77860831
2.22E+06,23.7786083
2.22E+06,23.7786083
2.22E+06,23.6811358
2.22E+06,23.68113579
2.22E+06,23.68113579
2.22E+06,23.57813196
2.22E+06,23.57813195
2.22E+06,23.57813195
2.22E+06,23.47251517
2.22E+06,23.47251516
2.22E+06,23.47251516
2.23E+06,23.36544546
2.23E+06,23.36544545
2.23E+06,23.36544545
2.23E+06,23.25827738
2.23E+06,23.25827737
2.23E+06,23.25827737
2.23E+06,23.15227886
2.23E+06,23.15227885
2.23E+06,23.15227885
2.23E+06,23.04703675
2.23E+06,23.04703674
2.23E+06,23.04703674
2.23E+06,22.99299066
2.23E+06,22.99299067
2.23E+06,22.99299067
2.24E+06,22.98593224
2.24E+06,22.98593224
2.24E+06,22.98593224
2.24E+06,22.99834399
2.24E+06,22.99834398
2.24E+06,22.99834398
2.24E+06,23.00770842
2.24E+06,23.00770842
2.24E+06,23.00770842
2.24E+06,23.00417688
2.24E+06,23.00417688
2.24E+06,23.00417688
2.24E+06,22.99703646
2.24E+06,22.99703646
2.24E+06,22.99703646
2.24E+06,22.9961161
2.24E+06,22.9961161
2.24E+06,22.9961161
2.25E+06,23.00006867
2.25E+06,23.00006867
2.25E+06,23.00006867
2.25E+06,23.00234756
2.25E+06,23.00234756
2.25E+06,23.00234756
2.25E+06,23.00115873
2.25E+06,23.00115874
2.25E+06,23.00115874
2.25E+06,22.99928337
2.25E+06,22.99928337
2.25E+06,22.99928337
2.25E+06,22.99889794
2.25E+06,22.99889794
2.25E+06,22.99889794
2.26E+06,22.9997662
2.26E+06,22.9997662
2.26E+06,22.9997662
2.26E+06,22.89011618
2.26E+06,22.89011616
2.26E+06,22.89011616
2.26E+06,22.77508061
2.26E+06,22.7750806
2.26E+06,22.7750806
2.26E+06,22.6597891
2.26E+06,22.65978909
2.26E+06,22.65978909
2.26E+06,22.54475655
2.26E+06,22.54475654
2.26E+06,22.54475654
2.26E+06,22.43154393
2.26E+06,22.43154392
2.26E+06,22.43154392
2.27E+06,22.32332167
2.27E+06,22.32332166
2.27E+06,22.32332166
2.27E+06,22.23271547
2.27E+06,22.23271546
2.27E+06,22.23271546
2.27E+06,22.16232087
2.27E+06,22.16232086
2.27E+06,22.16232086
2.27E+06,22.10409184
2.27E+06,22.10409183
2.27E+06,22.10409183
2.27E+06,22.078754
2.27E+06,22.078754
2.27E+06,22.078754
2.28E+06,22.07870137
2.28E+06,22.07870137
2.28E+06,22.07870137
2.28E+06,22.0416037
2.28E+06,22.04160369
2.28E+06,22.04160369
2.28E+06,21.98924162
2.28E+06,21.98924162
2.28E+06,21.98924162
2.28E+06,21.95951859
2.28E+06,21.95951859
2.28E+06,21.95951859
2.28E+06,21.94481127
2.28E+06,21.94481127
2.28E+06,21.94481127
2.28E+06,21.91397424
2.28E+06,21.91397423
2.28E+06,21.91397423
2.29E+06,21.8651209
2.29E+06,21.8651209
2.29E+06,21.8651209
2.29E+06,21.81380383
2.29E+06,21.81380382
2.29E+06,21.81380382
2.29E+06,21.87982033
2.29E+06,21.87982037
2.29E+06,21.87982037
2.29E+06,22.27511625
2.29E+06,22.27511631
2.29E+06,22.27511631
2.29E+06,22.73738139
2.29E+06,22.73738145
2.29E+06,22.73738145
2.30E+06,23.20202291
2.30E+06,23.20202297
2.30E+06,23.20202297
2.30E+06,23.6504115
2.30E+06,23.65041155
2.30E+06,23.65041155
2.30E+06,24.06179157
2.30E+06,24.06179159
2.30E+06,24.06179159
2.30E+06,23.9734438
2.30E+06,23.97344378
2.30E+06,23.97344378
2.30E+06,23.85361151
2.30E+06,23.8536115
2.30E+06,23.8536115
2.30E+06,23.72921429
2.30E+06,23.72921427
2.30E+06,23.72921427
2.31E+06,23.60142323
2.31E+06,23.60142322
2.31E+06,23.60142322
2.31E+06,23.46592274
2.31E+06,23.46592272
2.31E+06,23.46592272
2.31E+06,23.32263728
2.31E+06,23.32263727
2.31E+06,23.32263727
2.31E+06,23.17954906
2.31E+06,23.17954904
2.31E+06,23.17954904
2.31E+06,23.03860648
2.31E+06,23.03860647
2.31E+06,23.03860647
2.31E+06,22.89906036
2.31E+06,22.89906034
2.31E+06,22.89906034
2.32E+06,22.76016972
2.32E+06,22.7601697
2.32E+06,22.7601697
2.32E+06,22.62156332
2.32E+06,22.6215633
2.32E+06,22.6215633
2.32E+06,22.48287355
2.32E+06,22.48287353
2.32E+06,22.48287353
2.32E+06,22.34446751
2.32E+06,22.34446749
2.32E+06,22.34446749
2.32E+06,22.20672338
2.32E+06,22.20672337
2.32E+06,22.20672337
2.33E+06,22.42844243
2.33E+06,22.42844248
2.33E+06,22.42844248
2.33E+06,22.79444345
2.33E+06,22.7944435
2.33E+06,22.7944435
2.33E+06,23.0550885
2.33E+06,23.0550885
